-- Steve Matassa historical backfill — PRODUCTION patch
-- Generated from verified local import (member 13).
-- Baseline prod R2 snapshot 2026-06-22 max ids: grp=2389 cnm=7025 snm=2345 sub=128
-- DO NOT APPLY unless the drift-check (steve-prod-driftcheck.sql) returns all-OK.
PRAGMA foreign_keys=ON;
BEGIN TRANSACTION;
-- species_name_group: 44 rows
INSERT INTO species_name_group (group_id, program_class, canonical_genus, canonical_species_name, species_type, base_points, is_cares_species, iucn_redlist_category, iucn_redlist_id, iucn_last_updated, iucn_population_trend, iucn_redlist_url, last_external_sync) VALUES (2390, 'Hard', 'Acanthastrea', 'sp.', 'Coral', 20, 0, NULL, NULL, NULL, NULL, NULL, NULL);
INSERT INTO species_name_group (group_id, program_class, canonical_genus, canonical_species_name, species_type, base_points, is_cares_species, iucn_redlist_category, iucn_redlist_id, iucn_last_updated, iucn_population_trend, iucn_redlist_url, last_external_sync) VALUES (2391, 'Hard', 'Caulastrea', 'furcata', 'Coral', 15, 0, NULL, NULL, NULL, NULL, NULL, NULL);
INSERT INTO species_name_group (group_id, program_class, canonical_genus, canonical_species_name, species_type, base_points, is_cares_species, iucn_redlist_category, iucn_redlist_id, iucn_last_updated, iucn_population_trend, iucn_redlist_url, last_external_sync) VALUES (2392, 'Hard', 'Tubestrea', 'coccinea', 'Coral', 15, 0, NULL, NULL, NULL, NULL, NULL, NULL);
INSERT INTO species_name_group (group_id, program_class, canonical_genus, canonical_species_name, species_type, base_points, is_cares_species, iucn_redlist_category, iucn_redlist_id, iucn_last_updated, iucn_population_trend, iucn_redlist_url, last_external_sync) VALUES (2393, 'Hard', 'Tubestrea', 'micrantha', 'Coral', 20, 0, NULL, NULL, NULL, NULL, NULL, NULL);
INSERT INTO species_name_group (group_id, program_class, canonical_genus, canonical_species_name, species_type, base_points, is_cares_species, iucn_redlist_category, iucn_redlist_id, iucn_last_updated, iucn_population_trend, iucn_redlist_url, last_external_sync) VALUES (2394, 'Hard', 'Acropora', 'sp.', 'Coral', 20, 0, NULL, NULL, NULL, NULL, NULL, NULL);
INSERT INTO species_name_group (group_id, program_class, canonical_genus, canonical_species_name, species_type, base_points, is_cares_species, iucn_redlist_category, iucn_redlist_id, iucn_last_updated, iucn_population_trend, iucn_redlist_url, last_external_sync) VALUES (2396, 'Soft', 'Amplexidiscus', 'sp.', 'Coral', 15, 0, NULL, NULL, NULL, NULL, NULL, NULL);
INSERT INTO species_name_group (group_id, program_class, canonical_genus, canonical_species_name, species_type, base_points, is_cares_species, iucn_redlist_category, iucn_redlist_id, iucn_last_updated, iucn_population_trend, iucn_redlist_url, last_external_sync) VALUES (2397, 'Soft', 'Antellia', 'sp.', 'Coral', 15, 0, NULL, NULL, NULL, NULL, NULL, NULL);
INSERT INTO species_name_group (group_id, program_class, canonical_genus, canonical_species_name, species_type, base_points, is_cares_species, iucn_redlist_category, iucn_redlist_id, iucn_last_updated, iucn_population_trend, iucn_redlist_url, last_external_sync) VALUES (2398, 'Other', 'Asterinia', 'wega', 'Invert', 10, 0, NULL, NULL, NULL, NULL, NULL, NULL);
INSERT INTO species_name_group (group_id, program_class, canonical_genus, canonical_species_name, species_type, base_points, is_cares_species, iucn_redlist_category, iucn_redlist_id, iucn_last_updated, iucn_population_trend, iucn_redlist_url, last_external_sync) VALUES (2399, 'Hard', 'Blastomussa', 'sp.', 'Coral', 20, 0, NULL, NULL, NULL, NULL, NULL, NULL);
INSERT INTO species_name_group (group_id, program_class, canonical_genus, canonical_species_name, species_type, base_points, is_cares_species, iucn_redlist_category, iucn_redlist_id, iucn_last_updated, iucn_population_trend, iucn_redlist_url, last_external_sync) VALUES (2400, 'Soft', 'Capaella', 'sp.', 'Coral', 15, 0, NULL, NULL, NULL, NULL, NULL, NULL);
INSERT INTO species_name_group (group_id, program_class, canonical_genus, canonical_species_name, species_type, base_points, is_cares_species, iucn_redlist_category, iucn_redlist_id, iucn_last_updated, iucn_population_trend, iucn_redlist_url, last_external_sync) VALUES (2402, 'Soft', 'Clavularia', 'sp.', 'Coral', 15, 0, NULL, NULL, NULL, NULL, NULL, NULL);
INSERT INTO species_name_group (group_id, program_class, canonical_genus, canonical_species_name, species_type, base_points, is_cares_species, iucn_redlist_category, iucn_redlist_id, iucn_last_updated, iucn_population_trend, iucn_redlist_url, last_external_sync) VALUES (2403, 'Soft', 'Clavularia', 'viridis', 'Coral', 15, 0, NULL, NULL, NULL, NULL, NULL, NULL);
INSERT INTO species_name_group (group_id, program_class, canonical_genus, canonical_species_name, species_type, base_points, is_cares_species, iucn_redlist_category, iucn_redlist_id, iucn_last_updated, iucn_population_trend, iucn_redlist_url, last_external_sync) VALUES (2404, 'Soft', 'Corallimorpharians', 'sp.', 'Coral', 10, 0, NULL, NULL, NULL, NULL, NULL, NULL);
INSERT INTO species_name_group (group_id, program_class, canonical_genus, canonical_species_name, species_type, base_points, is_cares_species, iucn_redlist_category, iucn_redlist_id, iucn_last_updated, iucn_population_trend, iucn_redlist_url, last_external_sync) VALUES (2405, 'Soft', 'Corallimorphs', 'sp.', 'Coral', 15, 0, NULL, NULL, NULL, NULL, NULL, NULL);
INSERT INTO species_name_group (group_id, program_class, canonical_genus, canonical_species_name, species_type, base_points, is_cares_species, iucn_redlist_category, iucn_redlist_id, iucn_last_updated, iucn_population_trend, iucn_redlist_url, last_external_sync) VALUES (2406, 'Hard', 'Dendrophyllia', 'fistula', 'Coral', 15, 0, NULL, NULL, NULL, NULL, NULL, NULL);
INSERT INTO species_name_group (group_id, program_class, canonical_genus, canonical_species_name, species_type, base_points, is_cares_species, iucn_redlist_category, iucn_redlist_id, iucn_last_updated, iucn_population_trend, iucn_redlist_url, last_external_sync) VALUES (2408, 'Hard', 'Duncanopsammia', 'axifuga', 'Coral', 15, 0, NULL, NULL, NULL, NULL, NULL, NULL);
INSERT INTO species_name_group (group_id, program_class, canonical_genus, canonical_species_name, species_type, base_points, is_cares_species, iucn_redlist_category, iucn_redlist_id, iucn_last_updated, iucn_population_trend, iucn_redlist_url, last_external_sync) VALUES (2409, 'Soft', 'Entacmaea', 'quadricolor', 'Coral', 10, 0, NULL, NULL, NULL, NULL, NULL, NULL);
INSERT INTO species_name_group (group_id, program_class, canonical_genus, canonical_species_name, species_type, base_points, is_cares_species, iucn_redlist_category, iucn_redlist_id, iucn_last_updated, iucn_population_trend, iucn_redlist_url, last_external_sync) VALUES (2410, 'Hard', 'Euphyllia', 'ancora', 'Coral', 15, 0, NULL, NULL, NULL, NULL, NULL, NULL);
INSERT INTO species_name_group (group_id, program_class, canonical_genus, canonical_species_name, species_type, base_points, is_cares_species, iucn_redlist_category, iucn_redlist_id, iucn_last_updated, iucn_population_trend, iucn_redlist_url, last_external_sync) VALUES (2411, 'Hard', 'Lobophylia', 'sp.', 'Coral', 20, 0, NULL, NULL, NULL, NULL, NULL, NULL);
INSERT INTO species_name_group (group_id, program_class, canonical_genus, canonical_species_name, species_type, base_points, is_cares_species, iucn_redlist_category, iucn_redlist_id, iucn_last_updated, iucn_population_trend, iucn_redlist_url, last_external_sync) VALUES (2412, 'Hard', 'Montipora', 'sp.', 'Coral', 20, 0, NULL, NULL, NULL, NULL, NULL, NULL);
INSERT INTO species_name_group (group_id, program_class, canonical_genus, canonical_species_name, species_type, base_points, is_cares_species, iucn_redlist_category, iucn_redlist_id, iucn_last_updated, iucn_population_trend, iucn_redlist_url, last_external_sync) VALUES (2413, 'Hard', 'Montipora', 'digitata', 'Coral', 20, 0, NULL, NULL, NULL, NULL, NULL, NULL);
INSERT INTO species_name_group (group_id, program_class, canonical_genus, canonical_species_name, species_type, base_points, is_cares_species, iucn_redlist_category, iucn_redlist_id, iucn_last_updated, iucn_population_trend, iucn_redlist_url, last_external_sync) VALUES (2414, 'Snail', 'Nassarius', 'sp.', 'Invert', 10, 0, NULL, NULL, NULL, NULL, NULL, NULL);
INSERT INTO species_name_group (group_id, program_class, canonical_genus, canonical_species_name, species_type, base_points, is_cares_species, iucn_redlist_category, iucn_redlist_id, iucn_last_updated, iucn_population_trend, iucn_redlist_url, last_external_sync) VALUES (2415, 'Soft', 'Nephtea', 'sp.', 'Coral', 10, 0, NULL, NULL, NULL, NULL, NULL, NULL);
INSERT INTO species_name_group (group_id, program_class, canonical_genus, canonical_species_name, species_type, base_points, is_cares_species, iucn_redlist_category, iucn_redlist_id, iucn_last_updated, iucn_population_trend, iucn_redlist_url, last_external_sync) VALUES (2416, 'Other', 'Ophiolepsis', 'superba', 'Invert', 10, 0, NULL, NULL, NULL, NULL, NULL, NULL);
INSERT INTO species_name_group (group_id, program_class, canonical_genus, canonical_species_name, species_type, base_points, is_cares_species, iucn_redlist_category, iucn_redlist_id, iucn_last_updated, iucn_population_trend, iucn_redlist_url, last_external_sync) VALUES (2417, 'Hard', 'Orange', 'laptastrea', 'Coral', 20, 0, NULL, NULL, NULL, NULL, NULL, NULL);
INSERT INTO species_name_group (group_id, program_class, canonical_genus, canonical_species_name, species_type, base_points, is_cares_species, iucn_redlist_category, iucn_redlist_id, iucn_last_updated, iucn_population_trend, iucn_redlist_url, last_external_sync) VALUES (2418, 'Soft', 'Palythoas', 'sp.', 'Coral', 15, 0, NULL, NULL, NULL, NULL, NULL, NULL);
INSERT INTO species_name_group (group_id, program_class, canonical_genus, canonical_species_name, species_type, base_points, is_cares_species, iucn_redlist_category, iucn_redlist_id, iucn_last_updated, iucn_population_trend, iucn_redlist_url, last_external_sync) VALUES (2419, 'Hard', 'Pavona', 'decussata', 'Coral', 20, 0, NULL, NULL, NULL, NULL, NULL, NULL);
INSERT INTO species_name_group (group_id, program_class, canonical_genus, canonical_species_name, species_type, base_points, is_cares_species, iucn_redlist_category, iucn_redlist_id, iucn_last_updated, iucn_population_trend, iucn_redlist_url, last_external_sync) VALUES (2420, 'Soft', 'Rhodactis', 'indosinensis', 'Coral', 15, 0, NULL, NULL, NULL, NULL, NULL, NULL);
INSERT INTO species_name_group (group_id, program_class, canonical_genus, canonical_species_name, species_type, base_points, is_cares_species, iucn_redlist_category, iucn_redlist_id, iucn_last_updated, iucn_population_trend, iucn_redlist_url, last_external_sync) VALUES (2421, 'Soft', 'Sinularia', 'dura', 'Coral', 20, 0, NULL, NULL, NULL, NULL, NULL, NULL);
INSERT INTO species_name_group (group_id, program_class, canonical_genus, canonical_species_name, species_type, base_points, is_cares_species, iucn_redlist_category, iucn_redlist_id, iucn_last_updated, iucn_population_trend, iucn_redlist_url, last_external_sync) VALUES (2422, 'Hard', 'Stylophora', 'sp.', 'Coral', 20, 0, NULL, NULL, NULL, NULL, NULL, NULL);
INSERT INTO species_name_group (group_id, program_class, canonical_genus, canonical_species_name, species_type, base_points, is_cares_species, iucn_redlist_category, iucn_redlist_id, iucn_last_updated, iucn_population_trend, iucn_redlist_url, last_external_sync) VALUES (2423, 'Soft', 'Xenia', 'sp.', 'Coral', 15, 0, NULL, NULL, NULL, NULL, NULL, NULL);
INSERT INTO species_name_group (group_id, program_class, canonical_genus, canonical_species_name, species_type, base_points, is_cares_species, iucn_redlist_category, iucn_redlist_id, iucn_last_updated, iucn_population_trend, iucn_redlist_url, last_external_sync) VALUES (2424, 'Soft', 'Zoanthids', 'sp.', 'Coral', 10, 0, NULL, NULL, NULL, NULL, NULL, NULL);
INSERT INTO species_name_group (group_id, program_class, canonical_genus, canonical_species_name, species_type, base_points, is_cares_species, iucn_redlist_category, iucn_redlist_id, iucn_last_updated, iucn_population_trend, iucn_redlist_url, last_external_sync) VALUES (2426, 'Shrimp', 'Self', 'cloning', 'Invert', 15, 0, NULL, NULL, NULL, NULL, NULL, NULL);
INSERT INTO species_name_group (group_id, program_class, canonical_genus, canonical_species_name, species_type, base_points, is_cares_species, iucn_redlist_category, iucn_redlist_id, iucn_last_updated, iucn_population_trend, iucn_redlist_url, last_external_sync) VALUES (2427, 'Shrimp', 'Caridina', 'sp.', 'Invert', 15, 0, NULL, NULL, NULL, NULL, NULL, NULL);
INSERT INTO species_name_group (group_id, program_class, canonical_genus, canonical_species_name, species_type, base_points, is_cares_species, iucn_redlist_category, iucn_redlist_id, iucn_last_updated, iucn_population_trend, iucn_redlist_url, last_external_sync) VALUES (2429, 'Anubias & Lagenandra', 'Anubius', 'barteri', 'Plant', 15, 0, NULL, NULL, NULL, NULL, NULL, NULL);
INSERT INTO species_name_group (group_id, program_class, canonical_genus, canonical_species_name, species_type, base_points, is_cares_species, iucn_redlist_category, iucn_redlist_id, iucn_last_updated, iucn_population_trend, iucn_redlist_url, last_external_sync) VALUES (2430, 'Anubias & Lagenandra', 'Anubius', 'congensis', 'Plant', 15, 0, NULL, NULL, NULL, NULL, NULL, NULL);
INSERT INTO species_name_group (group_id, program_class, canonical_genus, canonical_species_name, species_type, base_points, is_cares_species, iucn_redlist_category, iucn_redlist_id, iucn_last_updated, iucn_population_trend, iucn_redlist_url, last_external_sync) VALUES (2432, 'Stem Plants', 'Cabomba', 'caroliniana', 'Plant', 15, 0, NULL, NULL, NULL, NULL, NULL, NULL);
INSERT INTO species_name_group (group_id, program_class, canonical_genus, canonical_species_name, species_type, base_points, is_cares_species, iucn_redlist_category, iucn_redlist_id, iucn_last_updated, iucn_population_trend, iucn_redlist_url, last_external_sync) VALUES (2433, 'Cryptocoryne', 'Cryptocoryne', 'sp.', 'Plant', 15, 0, NULL, NULL, NULL, NULL, NULL, NULL);
INSERT INTO species_name_group (group_id, program_class, canonical_genus, canonical_species_name, species_type, base_points, is_cares_species, iucn_redlist_category, iucn_redlist_id, iucn_last_updated, iucn_population_trend, iucn_redlist_url, last_external_sync) VALUES (2434, 'Floating Plants', 'Lemna', 'minor', 'Plant', 5, 0, NULL, NULL, NULL, NULL, NULL, NULL);
INSERT INTO species_name_group (group_id, program_class, canonical_genus, canonical_species_name, species_type, base_points, is_cares_species, iucn_redlist_category, iucn_redlist_id, iucn_last_updated, iucn_population_trend, iucn_redlist_url, last_external_sync) VALUES (2437, 'Water Lilles', 'Nymphaea', 'sp.', 'Plant', 15, 0, NULL, NULL, NULL, NULL, NULL, NULL);
INSERT INTO species_name_group (group_id, program_class, canonical_genus, canonical_species_name, species_type, base_points, is_cares_species, iucn_redlist_category, iucn_redlist_id, iucn_last_updated, iucn_population_trend, iucn_redlist_url, last_external_sync) VALUES (2447, 'Livebearers', 'Mollienesia', 'sp.', 'Fish', 5, 0, NULL, NULL, NULL, NULL, NULL, NULL);
INSERT INTO species_name_group (group_id, program_class, canonical_genus, canonical_species_name, species_type, base_points, is_cares_species, iucn_redlist_category, iucn_redlist_id, iucn_last_updated, iucn_population_trend, iucn_redlist_url, last_external_sync) VALUES (2450, 'Catfish & Loaches', 'Ancistrus', 'multispinis', 'Fish', 20, 0, NULL, NULL, NULL, NULL, NULL, NULL);
INSERT INTO species_name_group (group_id, program_class, canonical_genus, canonical_species_name, species_type, base_points, is_cares_species, iucn_redlist_category, iucn_redlist_id, iucn_last_updated, iucn_population_trend, iucn_redlist_url, last_external_sync) VALUES (2451, 'Livebearers', 'Poecilia', 'endlers', 'Fish', 5, 0, NULL, NULL, NULL, NULL, NULL, NULL);
INSERT INTO species_name_group (group_id, program_class, canonical_genus, canonical_species_name, species_type, base_points, is_cares_species, iucn_redlist_category, iucn_redlist_id, iucn_last_updated, iucn_population_trend, iucn_redlist_url, last_external_sync) VALUES (2458, 'Cichlids - Old World', 'Aulonocara', 'sp.', 'Fish', 15, 0, NULL, NULL, NULL, NULL, NULL, NULL);
-- species_common_name: 68 rows
INSERT INTO species_common_name (common_name_id, group_id, common_name) VALUES (7026, 2390, 'red acans');
INSERT INTO species_common_name (common_name_id, group_id, common_name) VALUES (7027, 2391, 'Candy Canes');
INSERT INTO species_common_name (common_name_id, group_id, common_name) VALUES (7028, 2392, 'sun polyps');
INSERT INTO species_common_name (common_name_id, group_id, common_name) VALUES (7029, 2393, 'black sun polyps');
INSERT INTO species_common_name (common_name_id, group_id, common_name) VALUES (7030, 2394, 'purple tip acros');
INSERT INTO species_common_name (common_name_id, group_id, common_name) VALUES (7031, 15, 'Green Stripped Mushroom');
INSERT INTO species_common_name (common_name_id, group_id, common_name) VALUES (7032, 2396, 'giant cup mushroom');
INSERT INTO species_common_name (common_name_id, group_id, common_name) VALUES (7033, 2397, 'antellia');
INSERT INTO species_common_name (common_name_id, group_id, common_name) VALUES (7034, 2398, 'asterinia');
INSERT INTO species_common_name (common_name_id, group_id, common_name) VALUES (7035, 2399, 'red blasto');
INSERT INTO species_common_name (common_name_id, group_id, common_name) VALUES (7036, 2400, 'kenya tree');
INSERT INTO species_common_name (common_name_id, group_id, common_name) VALUES (7037, 7, 'green chalice');
INSERT INTO species_common_name (common_name_id, group_id, common_name) VALUES (7038, 2402, 'Clove Polyps');
INSERT INTO species_common_name (common_name_id, group_id, common_name) VALUES (7039, 2403, 'green star  polyp');
INSERT INTO species_common_name (common_name_id, group_id, common_name) VALUES (7040, 2404, 'mushrooms');
INSERT INTO species_common_name (common_name_id, group_id, common_name) VALUES (7041, 2405, 'ricordia');
INSERT INTO species_common_name (common_name_id, group_id, common_name) VALUES (7042, 2406, 'Dentro');
INSERT INTO species_common_name (common_name_id, group_id, common_name) VALUES (7043, 8, 'elephant ear mushroom');
INSERT INTO species_common_name (common_name_id, group_id, common_name) VALUES (7044, 2408, 'duncan coral');
INSERT INTO species_common_name (common_name_id, group_id, common_name) VALUES (7045, 2409, 'bubbble tip anamone');
INSERT INTO species_common_name (common_name_id, group_id, common_name) VALUES (7046, 2410, 'Hammer coral');
INSERT INTO species_common_name (common_name_id, group_id, common_name) VALUES (7047, 2411, 'lobophylia');
INSERT INTO species_common_name (common_name_id, group_id, common_name) VALUES (7048, 2412, 'pink tip monti');
INSERT INTO species_common_name (common_name_id, group_id, common_name) VALUES (7049, 2413, 'yellow finger velvet');
INSERT INTO species_common_name (common_name_id, group_id, common_name) VALUES (7050, 2414, 'snails');
INSERT INTO species_common_name (common_name_id, group_id, common_name) VALUES (7051, 2415, 'califlower coral');
INSERT INTO species_common_name (common_name_id, group_id, common_name) VALUES (7052, 2416, 'snake starfish');
INSERT INTO species_common_name (common_name_id, group_id, common_name) VALUES (7053, 2417, 'birds nest');
INSERT INTO species_common_name (common_name_id, group_id, common_name) VALUES (7054, 2418, 'Palys');
INSERT INTO species_common_name (common_name_id, group_id, common_name) VALUES (7055, 2419, 'potato chip');
INSERT INTO species_common_name (common_name_id, group_id, common_name) VALUES (7056, 2420, 'Hairy Mushroom');
INSERT INTO species_common_name (common_name_id, group_id, common_name) VALUES (7057, 2421, 'Cabbage corals');
INSERT INTO species_common_name (common_name_id, group_id, common_name) VALUES (7058, 2422, 'stylophora');
INSERT INTO species_common_name (common_name_id, group_id, common_name) VALUES (7059, 2423, 'pulshing xenia');
INSERT INTO species_common_name (common_name_id, group_id, common_name) VALUES (7060, 2424, 'sunburst polyps');
INSERT INTO species_common_name (common_name_id, group_id, common_name) VALUES (7061, 867, 'cherry shrimp');
INSERT INTO species_common_name (common_name_id, group_id, common_name) VALUES (7062, 2426, 'self cloning crawfish');
INSERT INTO species_common_name (common_name_id, group_id, common_name) VALUES (7063, 2427, 'Malawai shrimp');
INSERT INTO species_common_name (common_name_id, group_id, common_name) VALUES (7064, 1471, 'Amazon Swords');
INSERT INTO species_common_name (common_name_id, group_id, common_name) VALUES (7065, 2429, 'anubius');
INSERT INTO species_common_name (common_name_id, group_id, common_name) VALUES (7066, 2430, 'anubius');
INSERT INTO species_common_name (common_name_id, group_id, common_name) VALUES (7067, 1309, 'baby tears');
INSERT INTO species_common_name (common_name_id, group_id, common_name) VALUES (7068, 2432, 'combomba');
INSERT INTO species_common_name (common_name_id, group_id, common_name) VALUES (7069, 2433, 'crypts');
INSERT INTO species_common_name (common_name_id, group_id, common_name) VALUES (7070, 2434, 'duckweed');
INSERT INTO species_common_name (common_name_id, group_id, common_name) VALUES (7071, 1568, 'java fern');
INSERT INTO species_common_name (common_name_id, group_id, common_name) VALUES (7072, 1569, 'java moss');
INSERT INTO species_common_name (common_name_id, group_id, common_name) VALUES (7073, 2437, 'lilly');
INSERT INTO species_common_name (common_name_id, group_id, common_name) VALUES (7074, 16, 'najas');
INSERT INTO species_common_name (common_name_id, group_id, common_name) VALUES (7075, 1638, 'parrot featers');
INSERT INTO species_common_name (common_name_id, group_id, common_name) VALUES (7076, 1534, 'pygma swords');
INSERT INTO species_common_name (common_name_id, group_id, common_name) VALUES (7077, 1646, 'red nesea');
INSERT INTO species_common_name (common_name_id, group_id, common_name) VALUES (7078, 1239, 'red temple');
INSERT INTO species_common_name (common_name_id, group_id, common_name) VALUES (7079, 84, 'valasanaria');
INSERT INTO species_common_name (common_name_id, group_id, common_name) VALUES (7080, 1806, 'water hyacinth');
INSERT INTO species_common_name (common_name_id, group_id, common_name) VALUES (7081, 1807, 'water lettuce');
INSERT INTO species_common_name (common_name_id, group_id, common_name) VALUES (7082, 1558, 'wisteria');
INSERT INTO species_common_name (common_name_id, group_id, common_name) VALUES (7083, 2447, 'Balloon Mollie');
INSERT INTO species_common_name (common_name_id, group_id, common_name) VALUES (7084, 3, 'Half Black Guppy');
INSERT INTO species_common_name (common_name_id, group_id, common_name) VALUES (7085, 67, 'koi angels');
INSERT INTO species_common_name (common_name_id, group_id, common_name) VALUES (7086, 2450, 'Bushynose Albino Pleco');
INSERT INTO species_common_name (common_name_id, group_id, common_name) VALUES (7087, 2451, 'Endlers Livebearer');
INSERT INTO species_common_name (common_name_id, group_id, common_name) VALUES (7088, 964, 'Kribenses');
INSERT INTO species_common_name (common_name_id, group_id, common_name) VALUES (7090, 113, 'convicts');
INSERT INTO species_common_name (common_name_id, group_id, common_name) VALUES (7091, 533, 'eastern mosquitofish');
INSERT INTO species_common_name (common_name_id, group_id, common_name) VALUES (7092, 460, 'koi');
INSERT INTO species_common_name (common_name_id, group_id, common_name) VALUES (7093, 47, 'Least Killies');
INSERT INTO species_common_name (common_name_id, group_id, common_name) VALUES (7094, 2458, 'Albino Peacocks');
-- species_scientific_name: 48 rows
INSERT INTO species_scientific_name (scientific_name_id, group_id, scientific_name) VALUES (2346, 2390, 'Acanthastrea');
INSERT INTO species_scientific_name (scientific_name_id, group_id, scientific_name) VALUES (2347, 2391, 'caulastrea furcata');
INSERT INTO species_scientific_name (scientific_name_id, group_id, scientific_name) VALUES (2348, 2392, 'tubestrea coccinea');
INSERT INTO species_scientific_name (scientific_name_id, group_id, scientific_name) VALUES (2349, 2393, 'tubestrea micrantha');
INSERT INTO species_scientific_name (scientific_name_id, group_id, scientific_name) VALUES (2350, 2394, 'acropora');
INSERT INTO species_scientific_name (scientific_name_id, group_id, scientific_name) VALUES (2351, 15, 'Actinodiscus sp');
INSERT INTO species_scientific_name (scientific_name_id, group_id, scientific_name) VALUES (2352, 2396, 'amplexidiscus spp');
INSERT INTO species_scientific_name (scientific_name_id, group_id, scientific_name) VALUES (2353, 2397, 'antellia');
INSERT INTO species_scientific_name (scientific_name_id, group_id, scientific_name) VALUES (2354, 2398, 'asterinia wega starfish');
INSERT INTO species_scientific_name (scientific_name_id, group_id, scientific_name) VALUES (2355, 2399, 'Blastomussa');
INSERT INTO species_scientific_name (scientific_name_id, group_id, scientific_name) VALUES (2356, 2400, 'capaella species');
INSERT INTO species_scientific_name (scientific_name_id, group_id, scientific_name) VALUES (2357, 7, 'chalice');
INSERT INTO species_scientific_name (scientific_name_id, group_id, scientific_name) VALUES (2358, 2402, 'Clavularia sp');
INSERT INTO species_scientific_name (scientific_name_id, group_id, scientific_name) VALUES (2359, 2403, 'clavularia viridis');
INSERT INTO species_scientific_name (scientific_name_id, group_id, scientific_name) VALUES (2360, 2404, 'corallimorpharians');
INSERT INTO species_scientific_name (scientific_name_id, group_id, scientific_name) VALUES (2361, 2405, 'corallimorphs');
INSERT INTO species_scientific_name (scientific_name_id, group_id, scientific_name) VALUES (2362, 2406, 'Dendrophyllia Fistula');
INSERT INTO species_scientific_name (scientific_name_id, group_id, scientific_name) VALUES (2364, 2408, 'Duncanopsammia Axifuga');
INSERT INTO species_scientific_name (scientific_name_id, group_id, scientific_name) VALUES (2365, 2409, 'Entacmaea quadricolor');
INSERT INTO species_scientific_name (scientific_name_id, group_id, scientific_name) VALUES (2366, 2410, 'Euphyllia Ancora');
INSERT INTO species_scientific_name (scientific_name_id, group_id, scientific_name) VALUES (2367, 2411, 'Lobophylia');
INSERT INTO species_scientific_name (scientific_name_id, group_id, scientific_name) VALUES (2368, 2412, 'montipora');
INSERT INTO species_scientific_name (scientific_name_id, group_id, scientific_name) VALUES (2369, 2413, 'montipora digitata');
INSERT INTO species_scientific_name (scientific_name_id, group_id, scientific_name) VALUES (2370, 2414, 'Nassarius');
INSERT INTO species_scientific_name (scientific_name_id, group_id, scientific_name) VALUES (2371, 2415, 'Nephtea');
INSERT INTO species_scientific_name (scientific_name_id, group_id, scientific_name) VALUES (2372, 2416, 'ophiolepsis superba');
INSERT INTO species_scientific_name (scientific_name_id, group_id, scientific_name) VALUES (2373, 2417, 'Orange Laptastrea');
INSERT INTO species_scientific_name (scientific_name_id, group_id, scientific_name) VALUES (2374, 2418, 'Palythoas');
INSERT INTO species_scientific_name (scientific_name_id, group_id, scientific_name) VALUES (2375, 2419, 'Pavona decussata');
INSERT INTO species_scientific_name (scientific_name_id, group_id, scientific_name) VALUES (2376, 2420, 'Rhodactis indosinensis');
INSERT INTO species_scientific_name (scientific_name_id, group_id, scientific_name) VALUES (2377, 2421, 'Sinularia Dura');
INSERT INTO species_scientific_name (scientific_name_id, group_id, scientific_name) VALUES (2378, 2422, 'stylophora');
INSERT INTO species_scientific_name (scientific_name_id, group_id, scientific_name) VALUES (2379, 2423, 'xenia');
INSERT INTO species_scientific_name (scientific_name_id, group_id, scientific_name) VALUES (2380, 2424, 'zoanthids');
INSERT INTO species_scientific_name (scientific_name_id, group_id, scientific_name) VALUES (2381, 867, 'neocaridina heteropoda');
INSERT INTO species_scientific_name (scientific_name_id, group_id, scientific_name) VALUES (2382, 2426, 'self cloning crawfish');
INSERT INTO species_scientific_name (scientific_name_id, group_id, scientific_name) VALUES (2383, 2427, 'Caridina sp.');
INSERT INTO species_scientific_name (scientific_name_id, group_id, scientific_name) VALUES (2385, 2429, 'Anubius Barteri Nana');
INSERT INTO species_scientific_name (scientific_name_id, group_id, scientific_name) VALUES (2386, 2430, 'Anubius congensis');
INSERT INTO species_scientific_name (scientific_name_id, group_id, scientific_name) VALUES (2388, 2432, 'Cabomba caroliniana');
INSERT INTO species_scientific_name (scientific_name_id, group_id, scientific_name) VALUES (2389, 2433, 'Cryptocoryne sp.');
INSERT INTO species_scientific_name (scientific_name_id, group_id, scientific_name) VALUES (2390, 2434, 'Lemna minor');
INSERT INTO species_scientific_name (scientific_name_id, group_id, scientific_name) VALUES (2393, 2437, 'Nymphaea sp.');
INSERT INTO species_scientific_name (scientific_name_id, group_id, scientific_name) VALUES (2403, 2447, 'Mollienesia species');
INSERT INTO species_scientific_name (scientific_name_id, group_id, scientific_name) VALUES (2406, 2450, 'Ancistrus multispinis');
INSERT INTO species_scientific_name (scientific_name_id, group_id, scientific_name) VALUES (2407, 2451, 'Poecilia endlers');
INSERT INTO species_scientific_name (scientific_name_id, group_id, scientific_name) VALUES (2411, 533, 'Gambusia Holbrooki');
INSERT INTO species_scientific_name (scientific_name_id, group_id, scientific_name) VALUES (2414, 2458, 'Aulonocara sp');
-- submissions: 69 rows  (omitted prod-absent cols: ['final_submission_on'])
INSERT INTO submissions (id, created_on, updated_on, member_id, program, species_type, species_class, species_common_name, species_latin_name, common_name_id, scientific_name_id, water_type, count, reproduction_date, foods, spawn_locations, propagation_method, tank_size, filter_type, water_change_volume, water_change_frequency, temperature, ph, gh, specific_gravity, substrate_type, substrate_depth, substrate_color, light_type, light_strength, light_hours, co2, co2_description, video_url, submitted_on, approved_on, approved_by, points, article_points, first_time_species, flowered, sexual_reproduction, witnessed_by, witnessed_on, witness_verification_status, denied_on, denied_by, denied_reason, cares_species, article_link, changes_requested_on, changes_requested_by, changes_requested_reason, notes) VALUES (129, '2026-06-23 15:20:08', '2026-06-23 15:20:08', 13, 'coral', 'Coral', 'Hard', 'red acans', 'Acanthastrea', 7026, 2346, 'Salt', NULL, '2012-04-05', '["Phyto","Zooplan"]', '[]', 'splitting', '150gal', 'Sump', '10%', 'Bi-weekly', '78', '8.2', NULL, '1.026', 'Sand', NULL, NULL, 'mh', '175 w mh', '10hrs', NULL, NULL, NULL, '2026-06-23T15:20:08.698Z', '2026-06-23T15:20:08.707Z', 9, 20, 0, 0, 0, 0, 1, '2026-06-23T15:20:08.703Z', 'confirmed', NULL, NULL, NULL, 0, NULL, NULL, NULL, NULL, NULL);
INSERT INTO submissions (id, created_on, updated_on, member_id, program, species_type, species_class, species_common_name, species_latin_name, common_name_id, scientific_name_id, water_type, count, reproduction_date, foods, spawn_locations, propagation_method, tank_size, filter_type, water_change_volume, water_change_frequency, temperature, ph, gh, specific_gravity, substrate_type, substrate_depth, substrate_color, light_type, light_strength, light_hours, co2, co2_description, video_url, submitted_on, approved_on, approved_by, points, article_points, first_time_species, flowered, sexual_reproduction, witnessed_by, witnessed_on, witness_verification_status, denied_on, denied_by, denied_reason, cares_species, article_link, changes_requested_on, changes_requested_by, changes_requested_reason, notes) VALUES (130, '2026-06-23 15:20:08', '2026-06-23 15:20:08', 13, 'coral', 'Coral', 'Hard', 'Candy Canes', 'caulastrea furcata', 7027, 2347, 'Salt', NULL, '2012-01-06', '["Phyto","Zooplan"]', '[]', 'splitting', '150gal', 'Sump', '10%', 'Bi-weekly', '78', '8.2', NULL, '1.026', 'Sand', NULL, NULL, 'mh', '175 w mh', '10hrs', NULL, NULL, NULL, '2026-06-23T15:20:08.708Z', '2026-06-23T15:20:08.711Z', 9, 15, 0, 0, 0, 0, 1, '2026-06-23T15:20:08.709Z', 'confirmed', NULL, NULL, NULL, 0, NULL, NULL, NULL, NULL, NULL);
INSERT INTO submissions (id, created_on, updated_on, member_id, program, species_type, species_class, species_common_name, species_latin_name, common_name_id, scientific_name_id, water_type, count, reproduction_date, foods, spawn_locations, propagation_method, tank_size, filter_type, water_change_volume, water_change_frequency, temperature, ph, gh, specific_gravity, substrate_type, substrate_depth, substrate_color, light_type, light_strength, light_hours, co2, co2_description, video_url, submitted_on, approved_on, approved_by, points, article_points, first_time_species, flowered, sexual_reproduction, witnessed_by, witnessed_on, witness_verification_status, denied_on, denied_by, denied_reason, cares_species, article_link, changes_requested_on, changes_requested_by, changes_requested_reason, notes) VALUES (131, '2026-06-23 15:20:08', '2026-06-23 15:20:08', 13, 'coral', 'Coral', 'Hard', 'sun polyps', 'tubestrea coccinea', 7028, 2348, 'Salt', NULL, '2011-05-24', '["Phyto","Zooplan"]', '[]', 'splitting', '150gal', 'Sump', '10%', 'Bi-weekly', '78', '8.2', NULL, '1.026', 'Sand', NULL, NULL, 'mh', '175 w mh', '10hrs', NULL, NULL, NULL, '2026-06-23T15:20:08.731Z', '2026-06-23T15:20:08.762Z', 9, 15, 0, 1, 0, 0, 1, '2026-06-23T15:20:08.758Z', 'confirmed', NULL, NULL, NULL, 0, NULL, NULL, NULL, NULL, NULL);
INSERT INTO submissions (id, created_on, updated_on, member_id, program, species_type, species_class, species_common_name, species_latin_name, common_name_id, scientific_name_id, water_type, count, reproduction_date, foods, spawn_locations, propagation_method, tank_size, filter_type, water_change_volume, water_change_frequency, temperature, ph, gh, specific_gravity, substrate_type, substrate_depth, substrate_color, light_type, light_strength, light_hours, co2, co2_description, video_url, submitted_on, approved_on, approved_by, points, article_points, first_time_species, flowered, sexual_reproduction, witnessed_by, witnessed_on, witness_verification_status, denied_on, denied_by, denied_reason, cares_species, article_link, changes_requested_on, changes_requested_by, changes_requested_reason, notes) VALUES (132, '2026-06-23 15:20:08', '2026-06-23 15:20:08', 13, 'coral', 'Coral', 'Hard', 'black sun polyps', 'tubestrea micrantha', 7029, 2349, 'Salt', NULL, '2012-05-24', '["Phyto","Zooplan"]', '[]', 'Splitting', '150gal', 'Sump', '10%', 'Bi-weekly', '78', '8.2', NULL, '1.026', 'Sand', NULL, NULL, 'mh', '175 w mh', '10hrs', NULL, NULL, NULL, '2026-06-23T15:20:08.762Z', '2026-06-23T15:20:08.766Z', 9, 20, 0, 0, 0, 0, 1, '2026-06-23T15:20:08.763Z', 'confirmed', NULL, NULL, NULL, 0, NULL, NULL, NULL, NULL, NULL);
INSERT INTO submissions (id, created_on, updated_on, member_id, program, species_type, species_class, species_common_name, species_latin_name, common_name_id, scientific_name_id, water_type, count, reproduction_date, foods, spawn_locations, propagation_method, tank_size, filter_type, water_change_volume, water_change_frequency, temperature, ph, gh, specific_gravity, substrate_type, substrate_depth, substrate_color, light_type, light_strength, light_hours, co2, co2_description, video_url, submitted_on, approved_on, approved_by, points, article_points, first_time_species, flowered, sexual_reproduction, witnessed_by, witnessed_on, witness_verification_status, denied_on, denied_by, denied_reason, cares_species, article_link, changes_requested_on, changes_requested_by, changes_requested_reason, notes) VALUES (133, '2026-06-23 15:20:08', '2026-06-23 15:20:08', 13, 'coral', 'Coral', 'Hard', 'purple tip acros', 'acropora', 7030, 2350, 'Salt', NULL, '2009-09-01', '["Phyto","Zooplan"]', '[]', 'Cutting', '180G', 'Sump', '10%', 'Bi-weekly', '78', '8.2', NULL, '1.026', 'Sand', NULL, NULL, 'LED', '94watt', '10hrs', NULL, NULL, NULL, '2026-06-23T15:20:08.766Z', '2026-06-23T15:20:08.776Z', 9, 20, 0, 0, 0, 0, 1, '2026-06-23T15:20:08.767Z', 'confirmed', NULL, NULL, NULL, 0, NULL, NULL, NULL, NULL, NULL);
INSERT INTO submissions (id, created_on, updated_on, member_id, program, species_type, species_class, species_common_name, species_latin_name, common_name_id, scientific_name_id, water_type, count, reproduction_date, foods, spawn_locations, propagation_method, tank_size, filter_type, water_change_volume, water_change_frequency, temperature, ph, gh, specific_gravity, substrate_type, substrate_depth, substrate_color, light_type, light_strength, light_hours, co2, co2_description, video_url, submitted_on, approved_on, approved_by, points, article_points, first_time_species, flowered, sexual_reproduction, witnessed_by, witnessed_on, witness_verification_status, denied_on, denied_by, denied_reason, cares_species, article_link, changes_requested_on, changes_requested_by, changes_requested_reason, notes) VALUES (134, '2026-06-23 15:20:08', '2026-06-23 15:20:08', 13, 'coral', 'Coral', 'Soft', 'Green Stripped Mushroom', 'Actinodiscus sp', 7031, 2351, 'Salt', NULL, '2012-12-20', '["Phyto","Zooplan"]', '[]', 'splitting', '150gal', 'Sump', '10%', 'Bi-weekly', '78', '8.2', NULL, '1.026', 'Sand', NULL, NULL, 'mh', '175 w mh', '10hrs', NULL, NULL, NULL, '2026-06-23T15:20:08.777Z', '2026-06-23T15:20:08.779Z', 9, 15, 0, 0, 0, 0, 1, '2026-06-23T15:20:08.778Z', 'confirmed', NULL, NULL, NULL, 0, NULL, NULL, NULL, NULL, NULL);
INSERT INTO submissions (id, created_on, updated_on, member_id, program, species_type, species_class, species_common_name, species_latin_name, common_name_id, scientific_name_id, water_type, count, reproduction_date, foods, spawn_locations, propagation_method, tank_size, filter_type, water_change_volume, water_change_frequency, temperature, ph, gh, specific_gravity, substrate_type, substrate_depth, substrate_color, light_type, light_strength, light_hours, co2, co2_description, video_url, submitted_on, approved_on, approved_by, points, article_points, first_time_species, flowered, sexual_reproduction, witnessed_by, witnessed_on, witness_verification_status, denied_on, denied_by, denied_reason, cares_species, article_link, changes_requested_on, changes_requested_by, changes_requested_reason, notes) VALUES (135, '2026-06-23 15:20:08', '2026-06-23 15:20:08', 13, 'coral', 'Coral', 'Soft', 'giant cup mushroom', 'amplexidiscus spp', 7032, 2352, 'Salt', NULL, '2012-01-08', '["Phyto","Zooplan"]', '[]', 'cutting', '150gal', 'Sump', '10%', 'Bi-weekly', '78', '8.2', NULL, '1.026', 'Sand', NULL, NULL, 'mh', '175 w mh', '10hrs', NULL, NULL, NULL, '2026-06-23T15:20:08.780Z', '2026-06-23T15:20:08.790Z', 9, 15, 0, 0, 0, 0, 1, '2026-06-23T15:20:08.781Z', 'confirmed', NULL, NULL, NULL, 0, NULL, NULL, NULL, NULL, NULL);
INSERT INTO submissions (id, created_on, updated_on, member_id, program, species_type, species_class, species_common_name, species_latin_name, common_name_id, scientific_name_id, water_type, count, reproduction_date, foods, spawn_locations, propagation_method, tank_size, filter_type, water_change_volume, water_change_frequency, temperature, ph, gh, specific_gravity, substrate_type, substrate_depth, substrate_color, light_type, light_strength, light_hours, co2, co2_description, video_url, submitted_on, approved_on, approved_by, points, article_points, first_time_species, flowered, sexual_reproduction, witnessed_by, witnessed_on, witness_verification_status, denied_on, denied_by, denied_reason, cares_species, article_link, changes_requested_on, changes_requested_by, changes_requested_reason, notes) VALUES (136, '2026-06-23 15:20:08', '2026-06-23 15:20:08', 13, 'coral', 'Coral', 'Soft', 'antellia', 'antellia', 7033, 2353, 'Salt', NULL, '2012-09-01', '["Phyto","Zooplan"]', '[]', 'Cutting', '180G', 'Sump', '10%', 'Bi-weekly', '78', '8.2', NULL, '1.026', 'Sand', NULL, NULL, 'LED', '94watt', '10hrs', NULL, NULL, NULL, '2026-06-23T15:20:08.792Z', '2026-06-23T15:20:08.794Z', 9, 15, 0, 0, 0, 0, 1, '2026-06-23T15:20:08.792Z', 'confirmed', NULL, NULL, NULL, 0, NULL, NULL, NULL, NULL, NULL);
INSERT INTO submissions (id, created_on, updated_on, member_id, program, species_type, species_class, species_common_name, species_latin_name, common_name_id, scientific_name_id, water_type, count, reproduction_date, foods, spawn_locations, propagation_method, tank_size, filter_type, water_change_volume, water_change_frequency, temperature, ph, gh, specific_gravity, substrate_type, substrate_depth, substrate_color, light_type, light_strength, light_hours, co2, co2_description, video_url, submitted_on, approved_on, approved_by, points, article_points, first_time_species, flowered, sexual_reproduction, witnessed_by, witnessed_on, witness_verification_status, denied_on, denied_by, denied_reason, cares_species, article_link, changes_requested_on, changes_requested_by, changes_requested_reason, notes) VALUES (137, '2026-06-23 15:20:08', '2026-06-23 15:20:08', 13, 'fish', 'Invert', 'Other', 'asterinia', 'asterinia wega starfish', 7034, 2354, 'Salt', NULL, '2009-11-09', '["Phyto","Zooplan"]', '[]', 'egg layers', '150gal', 'Sump', '10%', 'Bi-weekly', '78', '8.2', NULL, '1.026', 'Sand', NULL, NULL, 'mh', '175 w mh', '10hrs', NULL, NULL, NULL, '2026-06-23T15:20:08.795Z', '2026-06-23T15:20:08.798Z', 9, 10, 0, 1, 0, 0, 1, '2026-06-23T15:20:08.796Z', 'confirmed', NULL, NULL, NULL, 0, NULL, NULL, NULL, NULL, NULL);
INSERT INTO submissions (id, created_on, updated_on, member_id, program, species_type, species_class, species_common_name, species_latin_name, common_name_id, scientific_name_id, water_type, count, reproduction_date, foods, spawn_locations, propagation_method, tank_size, filter_type, water_change_volume, water_change_frequency, temperature, ph, gh, specific_gravity, substrate_type, substrate_depth, substrate_color, light_type, light_strength, light_hours, co2, co2_description, video_url, submitted_on, approved_on, approved_by, points, article_points, first_time_species, flowered, sexual_reproduction, witnessed_by, witnessed_on, witness_verification_status, denied_on, denied_by, denied_reason, cares_species, article_link, changes_requested_on, changes_requested_by, changes_requested_reason, notes) VALUES (138, '2026-06-23 15:20:08', '2026-06-23 15:20:08', 13, 'coral', 'Coral', 'Hard', 'red blasto', 'Blastomussa', 7035, 2355, 'Salt', NULL, '2012-05-05', '["Phyto","Zooplan"]', '[]', 'splitting', '150gal', 'Sump', '10%', 'Bi-weekly', '78', '8.2', NULL, '1.026', 'Sand', NULL, NULL, 'mh', '175 w mh', '10hrs', NULL, NULL, NULL, '2026-06-23T15:20:08.798Z', '2026-06-23T15:20:08.808Z', 9, 20, 0, 0, 0, 0, 1, '2026-06-23T15:20:08.805Z', 'confirmed', NULL, NULL, NULL, 0, NULL, NULL, NULL, NULL, NULL);
INSERT INTO submissions (id, created_on, updated_on, member_id, program, species_type, species_class, species_common_name, species_latin_name, common_name_id, scientific_name_id, water_type, count, reproduction_date, foods, spawn_locations, propagation_method, tank_size, filter_type, water_change_volume, water_change_frequency, temperature, ph, gh, specific_gravity, substrate_type, substrate_depth, substrate_color, light_type, light_strength, light_hours, co2, co2_description, video_url, submitted_on, approved_on, approved_by, points, article_points, first_time_species, flowered, sexual_reproduction, witnessed_by, witnessed_on, witness_verification_status, denied_on, denied_by, denied_reason, cares_species, article_link, changes_requested_on, changes_requested_by, changes_requested_reason, notes) VALUES (139, '2026-06-23 15:20:08', '2026-06-23 15:20:08', 13, 'coral', 'Coral', 'Soft', 'kenya tree', 'capaella species', 7036, 2356, 'Salt', NULL, '2009-04-06', '["Phyto","Zooplan"]', '[]', 'Cutting', '180G', 'Sump', '10%', 'Bi-weekly', '78', '8.2', NULL, '1.026', 'Sand', NULL, NULL, 'LED', '94watt', '10hrs', NULL, NULL, NULL, '2026-06-23T15:20:08.809Z', '2026-06-23T15:20:08.812Z', 9, 15, 0, 0, 0, 0, 1, '2026-06-23T15:20:08.810Z', 'confirmed', NULL, NULL, NULL, 0, NULL, NULL, NULL, NULL, NULL);
INSERT INTO submissions (id, created_on, updated_on, member_id, program, species_type, species_class, species_common_name, species_latin_name, common_name_id, scientific_name_id, water_type, count, reproduction_date, foods, spawn_locations, propagation_method, tank_size, filter_type, water_change_volume, water_change_frequency, temperature, ph, gh, specific_gravity, substrate_type, substrate_depth, substrate_color, light_type, light_strength, light_hours, co2, co2_description, video_url, submitted_on, approved_on, approved_by, points, article_points, first_time_species, flowered, sexual_reproduction, witnessed_by, witnessed_on, witness_verification_status, denied_on, denied_by, denied_reason, cares_species, article_link, changes_requested_on, changes_requested_by, changes_requested_reason, notes) VALUES (140, '2026-06-23 15:20:08', '2026-06-23 15:20:08', 13, 'coral', 'Coral', 'Hard', 'green chalice', 'chalice', 7037, 2357, 'Salt', NULL, '2019-05-22', '["Phyto","Zooplan"]', '[]', 'Cutting', '200g', 'Sump', '10%', 'Bi-weekly', '78', '8.2', NULL, '1.026', 'Sand', NULL, NULL, 'LED', '94watt', '10hrs', NULL, NULL, NULL, '2026-06-23T15:20:08.812Z', '2026-06-23T15:20:08.822Z', 9, 20, 0, 0, 0, 0, 1, '2026-06-23T15:20:08.813Z', 'confirmed', NULL, NULL, NULL, 0, NULL, NULL, NULL, NULL, NULL);
INSERT INTO submissions (id, created_on, updated_on, member_id, program, species_type, species_class, species_common_name, species_latin_name, common_name_id, scientific_name_id, water_type, count, reproduction_date, foods, spawn_locations, propagation_method, tank_size, filter_type, water_change_volume, water_change_frequency, temperature, ph, gh, specific_gravity, substrate_type, substrate_depth, substrate_color, light_type, light_strength, light_hours, co2, co2_description, video_url, submitted_on, approved_on, approved_by, points, article_points, first_time_species, flowered, sexual_reproduction, witnessed_by, witnessed_on, witness_verification_status, denied_on, denied_by, denied_reason, cares_species, article_link, changes_requested_on, changes_requested_by, changes_requested_reason, notes) VALUES (141, '2026-06-23 15:20:08', '2026-06-23 15:20:08', 13, 'coral', 'Coral', 'Soft', 'Clove Polyps', 'Clavularia sp', 7038, 2358, 'Salt', NULL, '2012-01-06', '["Phyto","Zooplan"]', '[]', 'splitting', '150gal', 'Sump', '10%', 'Bi-weekly', '78', '8.2', NULL, '1.026', 'Sand', NULL, NULL, 'mh', '175 w mh', '10hrs', NULL, NULL, NULL, '2026-06-23T15:20:08.823Z', '2026-06-23T15:20:08.825Z', 9, 15, 0, 0, 0, 0, 1, '2026-06-23T15:20:08.823Z', 'confirmed', NULL, NULL, NULL, 0, NULL, NULL, NULL, NULL, NULL);
INSERT INTO submissions (id, created_on, updated_on, member_id, program, species_type, species_class, species_common_name, species_latin_name, common_name_id, scientific_name_id, water_type, count, reproduction_date, foods, spawn_locations, propagation_method, tank_size, filter_type, water_change_volume, water_change_frequency, temperature, ph, gh, specific_gravity, substrate_type, substrate_depth, substrate_color, light_type, light_strength, light_hours, co2, co2_description, video_url, submitted_on, approved_on, approved_by, points, article_points, first_time_species, flowered, sexual_reproduction, witnessed_by, witnessed_on, witness_verification_status, denied_on, denied_by, denied_reason, cares_species, article_link, changes_requested_on, changes_requested_by, changes_requested_reason, notes) VALUES (142, '2026-06-23 15:20:08', '2026-06-23 15:20:08', 13, 'coral', 'Coral', 'Soft', 'green star  polyp', 'clavularia viridis', 7039, 2359, 'Salt', NULL, '2003-06-03', '["Phyto","Zooplan"]', '[]', 'Cutting', '180G', 'Sump', '10%', 'Bi-weekly', '78', '8.2', NULL, '1.026', 'Sand', NULL, NULL, 'LED', '94watt', '10hrs', NULL, NULL, NULL, '2026-06-23T15:20:08.826Z', '2026-06-23T15:20:08.832Z', 9, 15, 0, 0, 0, 0, 1, '2026-06-23T15:20:08.827Z', 'confirmed', NULL, NULL, NULL, 0, NULL, NULL, NULL, NULL, NULL);
INSERT INTO submissions (id, created_on, updated_on, member_id, program, species_type, species_class, species_common_name, species_latin_name, common_name_id, scientific_name_id, water_type, count, reproduction_date, foods, spawn_locations, propagation_method, tank_size, filter_type, water_change_volume, water_change_frequency, temperature, ph, gh, specific_gravity, substrate_type, substrate_depth, substrate_color, light_type, light_strength, light_hours, co2, co2_description, video_url, submitted_on, approved_on, approved_by, points, article_points, first_time_species, flowered, sexual_reproduction, witnessed_by, witnessed_on, witness_verification_status, denied_on, denied_by, denied_reason, cares_species, article_link, changes_requested_on, changes_requested_by, changes_requested_reason, notes) VALUES (143, '2026-06-23 15:20:08', '2026-06-23 15:20:08', 13, 'coral', 'Coral', 'Soft', 'mushrooms', 'corallimorpharians', 7040, 2360, 'Salt', NULL, '2009-04-06', '["Phyto","Zooplan"]', '[]', 'Cutting', '180G', 'Sump', '10%', 'Bi-weekly', '78', '8.2', NULL, '1.026', 'Sand', NULL, NULL, 'LED', '94watt', '10hrs', NULL, NULL, NULL, '2026-06-23T15:20:08.837Z', '2026-06-23T15:20:08.840Z', 9, 10, 0, 1, 0, 0, 1, '2026-06-23T15:20:08.838Z', 'confirmed', NULL, NULL, NULL, 0, NULL, NULL, NULL, NULL, NULL);
INSERT INTO submissions (id, created_on, updated_on, member_id, program, species_type, species_class, species_common_name, species_latin_name, common_name_id, scientific_name_id, water_type, count, reproduction_date, foods, spawn_locations, propagation_method, tank_size, filter_type, water_change_volume, water_change_frequency, temperature, ph, gh, specific_gravity, substrate_type, substrate_depth, substrate_color, light_type, light_strength, light_hours, co2, co2_description, video_url, submitted_on, approved_on, approved_by, points, article_points, first_time_species, flowered, sexual_reproduction, witnessed_by, witnessed_on, witness_verification_status, denied_on, denied_by, denied_reason, cares_species, article_link, changes_requested_on, changes_requested_by, changes_requested_reason, notes) VALUES (144, '2026-06-23 15:20:08', '2026-06-23 15:20:08', 13, 'coral', 'Coral', 'Soft', 'ricordia', 'corallimorphs', 7041, 2361, 'Salt', NULL, '2019-05-05', '["Phyto","Zooplan"]', '[]', 'splitting', '180G', 'Sump', '10%', 'Bi-weekly', '78', '8.2', NULL, '1.026', 'Sand', NULL, NULL, 'LED', '94watt', '10hrs', NULL, NULL, NULL, '2026-06-23T15:20:08.840Z', '2026-06-23T15:20:08.843Z', 9, 15, 0, 0, 0, 0, 1, '2026-06-23T15:20:08.841Z', 'confirmed', NULL, NULL, NULL, 0, NULL, NULL, NULL, NULL, NULL);
INSERT INTO submissions (id, created_on, updated_on, member_id, program, species_type, species_class, species_common_name, species_latin_name, common_name_id, scientific_name_id, water_type, count, reproduction_date, foods, spawn_locations, propagation_method, tank_size, filter_type, water_change_volume, water_change_frequency, temperature, ph, gh, specific_gravity, substrate_type, substrate_depth, substrate_color, light_type, light_strength, light_hours, co2, co2_description, video_url, submitted_on, approved_on, approved_by, points, article_points, first_time_species, flowered, sexual_reproduction, witnessed_by, witnessed_on, witness_verification_status, denied_on, denied_by, denied_reason, cares_species, article_link, changes_requested_on, changes_requested_by, changes_requested_reason, notes) VALUES (145, '2026-06-23 15:20:08', '2026-06-23 15:20:08', 13, 'coral', 'Coral', 'Hard', 'Dentro', 'Dendrophyllia Fistula', 7042, 2362, 'Salt', NULL, '2011-06-01', '["Phyto","Zooplan"]', '[]', 'splitting', '150gal', 'Sump', '10%', 'Bi-weekly', '78', '8.2', NULL, '1.026', 'Sand', NULL, NULL, 'mh', '175 w mh', '10hrs', NULL, NULL, NULL, '2026-06-23T15:20:08.844Z', '2026-06-23T15:20:08.855Z', 9, 15, 0, 1, 0, 0, 1, '2026-06-23T15:20:08.851Z', 'confirmed', NULL, NULL, NULL, 0, NULL, NULL, NULL, NULL, NULL);
INSERT INTO submissions (id, created_on, updated_on, member_id, program, species_type, species_class, species_common_name, species_latin_name, common_name_id, scientific_name_id, water_type, count, reproduction_date, foods, spawn_locations, propagation_method, tank_size, filter_type, water_change_volume, water_change_frequency, temperature, ph, gh, specific_gravity, substrate_type, substrate_depth, substrate_color, light_type, light_strength, light_hours, co2, co2_description, video_url, submitted_on, approved_on, approved_by, points, article_points, first_time_species, flowered, sexual_reproduction, witnessed_by, witnessed_on, witness_verification_status, denied_on, denied_by, denied_reason, cares_species, article_link, changes_requested_on, changes_requested_by, changes_requested_reason, notes) VALUES (146, '2026-06-23 15:20:08', '2026-06-23 15:20:08', 13, 'coral', 'Coral', 'Soft', 'elephant ear mushroom', 'Discosoma', 7043, 8, 'Salt', NULL, '2009-03-04', '["Phyto","Zooplan"]', '[]', 'Cutting', '180G', 'Sump', '10%', 'Bi-weekly', '78', '8.2', NULL, '1.026', 'Sand', NULL, NULL, 'LED', '94watt', '10hrs', NULL, NULL, NULL, '2026-06-23T15:20:08.855Z', '2026-06-23T15:20:08.857Z', 9, 10, 0, 1, 0, 0, 1, '2026-06-23T15:20:08.856Z', 'confirmed', NULL, NULL, NULL, 0, NULL, NULL, NULL, NULL, NULL);
INSERT INTO submissions (id, created_on, updated_on, member_id, program, species_type, species_class, species_common_name, species_latin_name, common_name_id, scientific_name_id, water_type, count, reproduction_date, foods, spawn_locations, propagation_method, tank_size, filter_type, water_change_volume, water_change_frequency, temperature, ph, gh, specific_gravity, substrate_type, substrate_depth, substrate_color, light_type, light_strength, light_hours, co2, co2_description, video_url, submitted_on, approved_on, approved_by, points, article_points, first_time_species, flowered, sexual_reproduction, witnessed_by, witnessed_on, witness_verification_status, denied_on, denied_by, denied_reason, cares_species, article_link, changes_requested_on, changes_requested_by, changes_requested_reason, notes) VALUES (147, '2026-06-23 15:20:08', '2026-06-23 15:20:08', 13, 'coral', 'Coral', 'Hard', 'duncan coral', 'Duncanopsammia Axifuga', 7044, 2364, 'Salt', NULL, '2011-06-01', '["Phyto","Zooplan"]', '[]', 'splitting', '150gal', 'Sump', '10%', 'Bi-weekly', '78', '8.2', NULL, '1.026', 'Sand', NULL, NULL, 'mh', '175 w mh', '10hrs', NULL, NULL, NULL, '2026-06-23T15:20:08.858Z', '2026-06-23T15:20:08.868Z', 9, 15, 0, 1, 0, 0, 1, '2026-06-23T15:20:08.858Z', 'confirmed', NULL, NULL, NULL, 0, NULL, NULL, NULL, NULL, NULL);
INSERT INTO submissions (id, created_on, updated_on, member_id, program, species_type, species_class, species_common_name, species_latin_name, common_name_id, scientific_name_id, water_type, count, reproduction_date, foods, spawn_locations, propagation_method, tank_size, filter_type, water_change_volume, water_change_frequency, temperature, ph, gh, specific_gravity, substrate_type, substrate_depth, substrate_color, light_type, light_strength, light_hours, co2, co2_description, video_url, submitted_on, approved_on, approved_by, points, article_points, first_time_species, flowered, sexual_reproduction, witnessed_by, witnessed_on, witness_verification_status, denied_on, denied_by, denied_reason, cares_species, article_link, changes_requested_on, changes_requested_by, changes_requested_reason, notes) VALUES (148, '2026-06-23 15:20:08', '2026-06-23 15:20:08', 13, 'coral', 'Coral', 'Soft', 'bubbble tip anamone', 'Entacmaea quadricolor', 7045, 2365, 'Salt', NULL, '2009-03-04', '["Phyto","Zooplan"]', '[]', 'spitting', '180G', 'Sump', '10%', 'Bi-weekly', '78', '8.2', NULL, '1.026', 'Sand', NULL, NULL, 'LED', '94watt', '10hrs', NULL, NULL, NULL, '2026-06-23T15:20:08.868Z', '2026-06-23T15:20:08.870Z', 9, 10, 0, 1, 0, 0, 1, '2026-06-23T15:20:08.869Z', 'confirmed', NULL, NULL, NULL, 0, NULL, NULL, NULL, NULL, NULL);
INSERT INTO submissions (id, created_on, updated_on, member_id, program, species_type, species_class, species_common_name, species_latin_name, common_name_id, scientific_name_id, water_type, count, reproduction_date, foods, spawn_locations, propagation_method, tank_size, filter_type, water_change_volume, water_change_frequency, temperature, ph, gh, specific_gravity, substrate_type, substrate_depth, substrate_color, light_type, light_strength, light_hours, co2, co2_description, video_url, submitted_on, approved_on, approved_by, points, article_points, first_time_species, flowered, sexual_reproduction, witnessed_by, witnessed_on, witness_verification_status, denied_on, denied_by, denied_reason, cares_species, article_link, changes_requested_on, changes_requested_by, changes_requested_reason, notes) VALUES (149, '2026-06-23 15:20:08', '2026-06-23 15:20:08', 13, 'coral', 'Coral', 'Hard', 'Hammer coral', 'Euphyllia Ancora', 7046, 2366, 'Salt', NULL, '2011-06-01', '["Phyto","Zooplan"]', '[]', 'splitting', '150gal', 'Sump', '10%', 'Bi-weekly', '78', '8.2', NULL, '1.026', 'Sand', NULL, NULL, 'mh', '175 w mh', '10hrs', NULL, NULL, NULL, '2026-06-23T15:20:08.871Z', '2026-06-23T15:20:08.880Z', 9, 15, 0, 1, 0, 0, 1, '2026-06-23T15:20:08.872Z', 'confirmed', NULL, NULL, NULL, 0, NULL, NULL, NULL, NULL, NULL);
INSERT INTO submissions (id, created_on, updated_on, member_id, program, species_type, species_class, species_common_name, species_latin_name, common_name_id, scientific_name_id, water_type, count, reproduction_date, foods, spawn_locations, propagation_method, tank_size, filter_type, water_change_volume, water_change_frequency, temperature, ph, gh, specific_gravity, substrate_type, substrate_depth, substrate_color, light_type, light_strength, light_hours, co2, co2_description, video_url, submitted_on, approved_on, approved_by, points, article_points, first_time_species, flowered, sexual_reproduction, witnessed_by, witnessed_on, witness_verification_status, denied_on, denied_by, denied_reason, cares_species, article_link, changes_requested_on, changes_requested_by, changes_requested_reason, notes) VALUES (150, '2026-06-23 15:20:08', '2026-06-23 15:20:08', 13, 'coral', 'Coral', 'Hard', 'lobophylia', 'Lobophylia', 7047, 2367, 'Salt', NULL, '2012-06-01', '["Phyto","Zooplan"]', '[]', 'splitting', '150gal', 'Sump', '10%', 'Bi-weekly', '78', '8.2', NULL, '1.026', 'Sand', NULL, NULL, 'mh', '175 w mh', '10hrs', NULL, NULL, NULL, '2026-06-23T15:20:08.882Z', '2026-06-23T15:20:08.884Z', 9, 20, 0, 0, 0, 0, 1, '2026-06-23T15:20:08.882Z', 'confirmed', NULL, NULL, NULL, 0, NULL, NULL, NULL, NULL, NULL);
INSERT INTO submissions (id, created_on, updated_on, member_id, program, species_type, species_class, species_common_name, species_latin_name, common_name_id, scientific_name_id, water_type, count, reproduction_date, foods, spawn_locations, propagation_method, tank_size, filter_type, water_change_volume, water_change_frequency, temperature, ph, gh, specific_gravity, substrate_type, substrate_depth, substrate_color, light_type, light_strength, light_hours, co2, co2_description, video_url, submitted_on, approved_on, approved_by, points, article_points, first_time_species, flowered, sexual_reproduction, witnessed_by, witnessed_on, witness_verification_status, denied_on, denied_by, denied_reason, cares_species, article_link, changes_requested_on, changes_requested_by, changes_requested_reason, notes) VALUES (151, '2026-06-23 15:20:08', '2026-06-23 15:20:08', 13, 'coral', 'Coral', 'Hard', 'pink tip monti', 'montipora', 7048, 2368, 'Salt', NULL, '2009-03-04', '["Phyto","Zooplan"]', '[]', 'Cutting', '180G', 'Sump', '10%', 'Bi-weekly', '78', '8.2', NULL, '1.026', 'Sand', NULL, NULL, 'LED', '94watt', '10hrs', NULL, NULL, NULL, '2026-06-23T15:20:08.885Z', '2026-06-23T15:20:08.895Z', 9, 20, 0, 0, 0, 0, 1, '2026-06-23T15:20:08.885Z', 'confirmed', NULL, NULL, NULL, 0, NULL, NULL, NULL, NULL, NULL);
INSERT INTO submissions (id, created_on, updated_on, member_id, program, species_type, species_class, species_common_name, species_latin_name, common_name_id, scientific_name_id, water_type, count, reproduction_date, foods, spawn_locations, propagation_method, tank_size, filter_type, water_change_volume, water_change_frequency, temperature, ph, gh, specific_gravity, substrate_type, substrate_depth, substrate_color, light_type, light_strength, light_hours, co2, co2_description, video_url, submitted_on, approved_on, approved_by, points, article_points, first_time_species, flowered, sexual_reproduction, witnessed_by, witnessed_on, witness_verification_status, denied_on, denied_by, denied_reason, cares_species, article_link, changes_requested_on, changes_requested_by, changes_requested_reason, notes) VALUES (152, '2026-06-23 15:20:08', '2026-06-23 15:20:08', 13, 'coral', 'Coral', 'Hard', 'yellow finger velvet', 'montipora digitata', 7049, 2369, 'Salt', NULL, '2009-03-04', '["Phyto","Zooplan"]', '[]', 'Cutting', '180G', 'Sump', '10%', 'Bi-weekly', '78', '8.2', NULL, '1.026', 'Sand', NULL, NULL, 'LED', '94watt', '10hrs', NULL, NULL, NULL, '2026-06-23T15:20:08.896Z', '2026-06-23T15:20:08.898Z', 9, 20, 0, 0, 0, 0, 1, '2026-06-23T15:20:08.896Z', 'confirmed', NULL, NULL, NULL, 0, NULL, NULL, NULL, NULL, NULL);
INSERT INTO submissions (id, created_on, updated_on, member_id, program, species_type, species_class, species_common_name, species_latin_name, common_name_id, scientific_name_id, water_type, count, reproduction_date, foods, spawn_locations, propagation_method, tank_size, filter_type, water_change_volume, water_change_frequency, temperature, ph, gh, specific_gravity, substrate_type, substrate_depth, substrate_color, light_type, light_strength, light_hours, co2, co2_description, video_url, submitted_on, approved_on, approved_by, points, article_points, first_time_species, flowered, sexual_reproduction, witnessed_by, witnessed_on, witness_verification_status, denied_on, denied_by, denied_reason, cares_species, article_link, changes_requested_on, changes_requested_by, changes_requested_reason, notes) VALUES (153, '2026-06-23 15:20:08', '2026-06-23 15:20:08', 13, 'fish', 'Invert', 'Snail', 'snails', 'Nassarius', 7050, 2370, 'Salt', NULL, '2011-01-01', '["Phyto","Zooplan"]', '[]', 'egg layers', '180 gal', 'Sump', '10%', 'Bi-weekly', '78', '8.2', NULL, '1.026', 'Sand', NULL, NULL, 'led', '165 watt', '10hrs', NULL, NULL, NULL, '2026-06-23T15:20:08.899Z', '2026-06-23T15:20:08.909Z', 9, 10, 0, 1, 0, 0, 1, '2026-06-23T15:20:08.899Z', 'confirmed', NULL, NULL, NULL, 0, NULL, NULL, NULL, NULL, NULL);
INSERT INTO submissions (id, created_on, updated_on, member_id, program, species_type, species_class, species_common_name, species_latin_name, common_name_id, scientific_name_id, water_type, count, reproduction_date, foods, spawn_locations, propagation_method, tank_size, filter_type, water_change_volume, water_change_frequency, temperature, ph, gh, specific_gravity, substrate_type, substrate_depth, substrate_color, light_type, light_strength, light_hours, co2, co2_description, video_url, submitted_on, approved_on, approved_by, points, article_points, first_time_species, flowered, sexual_reproduction, witnessed_by, witnessed_on, witness_verification_status, denied_on, denied_by, denied_reason, cares_species, article_link, changes_requested_on, changes_requested_by, changes_requested_reason, notes) VALUES (154, '2026-06-23 15:20:08', '2026-06-23 15:20:08', 13, 'coral', 'Coral', 'Soft', 'califlower coral', 'Nephtea', 7051, 2371, 'Salt', NULL, '2009-09-08', '["Phyto","Zooplan"]', '[]', 'Cutting', '180G', 'Sump', '10%', 'Bi-weekly', '78', '8.2', NULL, '1.026', 'Sand', NULL, NULL, 'LED', '94watt', '10hrs', NULL, NULL, NULL, '2026-06-23T15:20:08.910Z', '2026-06-23T15:20:08.913Z', 9, 10, 0, 1, 0, 0, 1, '2026-06-23T15:20:08.910Z', 'confirmed', NULL, NULL, NULL, 0, NULL, NULL, NULL, NULL, NULL);
INSERT INTO submissions (id, created_on, updated_on, member_id, program, species_type, species_class, species_common_name, species_latin_name, common_name_id, scientific_name_id, water_type, count, reproduction_date, foods, spawn_locations, propagation_method, tank_size, filter_type, water_change_volume, water_change_frequency, temperature, ph, gh, specific_gravity, substrate_type, substrate_depth, substrate_color, light_type, light_strength, light_hours, co2, co2_description, video_url, submitted_on, approved_on, approved_by, points, article_points, first_time_species, flowered, sexual_reproduction, witnessed_by, witnessed_on, witness_verification_status, denied_on, denied_by, denied_reason, cares_species, article_link, changes_requested_on, changes_requested_by, changes_requested_reason, notes) VALUES (155, '2026-06-23 15:20:08', '2026-06-23 15:20:08', 13, 'fish', 'Invert', 'Other', 'snake starfish', 'ophiolepsis superba', 7052, 2372, 'Salt', NULL, '2011-01-01', '["Phyto","Zooplan"]', '[]', 'egg layers', '180 gal', 'Sump', '10%', 'Bi-weekly', '78', '8.2', NULL, '1.026', 'Sand', NULL, NULL, 'led', '165 watt', '10hrs', NULL, NULL, NULL, '2026-06-23T15:20:08.913Z', '2026-06-23T15:20:08.926Z', 9, 10, 0, 1, 0, 0, 1, '2026-06-23T15:20:08.914Z', 'confirmed', NULL, NULL, NULL, 0, NULL, NULL, NULL, NULL, NULL);
INSERT INTO submissions (id, created_on, updated_on, member_id, program, species_type, species_class, species_common_name, species_latin_name, common_name_id, scientific_name_id, water_type, count, reproduction_date, foods, spawn_locations, propagation_method, tank_size, filter_type, water_change_volume, water_change_frequency, temperature, ph, gh, specific_gravity, substrate_type, substrate_depth, substrate_color, light_type, light_strength, light_hours, co2, co2_description, video_url, submitted_on, approved_on, approved_by, points, article_points, first_time_species, flowered, sexual_reproduction, witnessed_by, witnessed_on, witness_verification_status, denied_on, denied_by, denied_reason, cares_species, article_link, changes_requested_on, changes_requested_by, changes_requested_reason, notes) VALUES (156, '2026-06-23 15:20:08', '2026-06-23 15:20:08', 13, 'coral', 'Coral', 'Hard', 'birds nest', 'Orange Laptastrea', 7053, 2373, 'Salt', NULL, '2012-05-04', '["Phyto","Zooplan"]', '[]', 'Cutting', '150gal', 'Sump', '10%', 'Bi-weekly', '78', '8.2', NULL, '1.026', 'Sand', NULL, NULL, 'mh', '175 w mh', '10hrs', NULL, NULL, NULL, '2026-06-23T15:20:08.927Z', '2026-06-23T15:20:08.930Z', 9, 20, 0, 0, 0, 0, 1, '2026-06-23T15:20:08.927Z', 'confirmed', NULL, NULL, NULL, 0, NULL, NULL, NULL, NULL, NULL);
INSERT INTO submissions (id, created_on, updated_on, member_id, program, species_type, species_class, species_common_name, species_latin_name, common_name_id, scientific_name_id, water_type, count, reproduction_date, foods, spawn_locations, propagation_method, tank_size, filter_type, water_change_volume, water_change_frequency, temperature, ph, gh, specific_gravity, substrate_type, substrate_depth, substrate_color, light_type, light_strength, light_hours, co2, co2_description, video_url, submitted_on, approved_on, approved_by, points, article_points, first_time_species, flowered, sexual_reproduction, witnessed_by, witnessed_on, witness_verification_status, denied_on, denied_by, denied_reason, cares_species, article_link, changes_requested_on, changes_requested_by, changes_requested_reason, notes) VALUES (157, '2026-06-23 15:20:08', '2026-06-23 15:20:08', 13, 'coral', 'Coral', 'Soft', 'Palys', 'Palythoas', 7054, 2374, 'Salt', NULL, '2012-06-01', '["Phyto","Zooplan"]', '[]', 'Splitting', '150gal', 'Sump', '10%', 'Bi-weekly', '78', '8.2', NULL, '1.026', 'Sand', NULL, NULL, 'mh', '175 w mh', '10hrs', NULL, NULL, NULL, '2026-06-23T15:20:08.938Z', '2026-06-23T15:20:08.941Z', 9, 15, 0, 0, 0, 0, 1, '2026-06-23T15:20:08.939Z', 'confirmed', NULL, NULL, NULL, 0, NULL, NULL, NULL, NULL, NULL);
INSERT INTO submissions (id, created_on, updated_on, member_id, program, species_type, species_class, species_common_name, species_latin_name, common_name_id, scientific_name_id, water_type, count, reproduction_date, foods, spawn_locations, propagation_method, tank_size, filter_type, water_change_volume, water_change_frequency, temperature, ph, gh, specific_gravity, substrate_type, substrate_depth, substrate_color, light_type, light_strength, light_hours, co2, co2_description, video_url, submitted_on, approved_on, approved_by, points, article_points, first_time_species, flowered, sexual_reproduction, witnessed_by, witnessed_on, witness_verification_status, denied_on, denied_by, denied_reason, cares_species, article_link, changes_requested_on, changes_requested_by, changes_requested_reason, notes) VALUES (158, '2026-06-23 15:20:08', '2026-06-23 15:20:08', 13, 'coral', 'Coral', 'Hard', 'potato chip', 'Pavona decussata', 7055, 2375, 'Salt', NULL, '2009-01-01', '["Phyto","Zooplan"]', '[]', 'Cutting', '180G', 'Sump', '10%', 'Bi-weekly', '78', '8.2', NULL, '1.026', 'Sand', NULL, NULL, 'LED', '94watt', '10hrs', NULL, NULL, NULL, '2026-06-23T15:20:08.942Z', '2026-06-23T15:20:08.950Z', 9, 20, 0, 0, 0, 0, 1, '2026-06-23T15:20:08.942Z', 'confirmed', NULL, NULL, NULL, 0, NULL, NULL, NULL, NULL, NULL);
INSERT INTO submissions (id, created_on, updated_on, member_id, program, species_type, species_class, species_common_name, species_latin_name, common_name_id, scientific_name_id, water_type, count, reproduction_date, foods, spawn_locations, propagation_method, tank_size, filter_type, water_change_volume, water_change_frequency, temperature, ph, gh, specific_gravity, substrate_type, substrate_depth, substrate_color, light_type, light_strength, light_hours, co2, co2_description, video_url, submitted_on, approved_on, approved_by, points, article_points, first_time_species, flowered, sexual_reproduction, witnessed_by, witnessed_on, witness_verification_status, denied_on, denied_by, denied_reason, cares_species, article_link, changes_requested_on, changes_requested_by, changes_requested_reason, notes) VALUES (159, '2026-06-23 15:20:08', '2026-06-23 15:20:08', 13, 'coral', 'Coral', 'Soft', 'Hairy Mushroom', 'Rhodactis indosinensis', 7056, 2376, 'Salt', NULL, '2012-01-05', '["Phyto","Zooplan"]', '[]', 'splitting', '150gal', 'Sump', '10%', 'Bi-weekly', '78', '8.2', NULL, '1.026', 'Sand', NULL, NULL, 'mh', '175 w mh', '10hrs', NULL, NULL, NULL, '2026-06-23T15:20:08.952Z', '2026-06-23T15:20:08.955Z', 9, 15, 0, 0, 0, 0, 1, '2026-06-23T15:20:08.953Z', 'confirmed', NULL, NULL, NULL, 0, NULL, NULL, NULL, NULL, NULL);
INSERT INTO submissions (id, created_on, updated_on, member_id, program, species_type, species_class, species_common_name, species_latin_name, common_name_id, scientific_name_id, water_type, count, reproduction_date, foods, spawn_locations, propagation_method, tank_size, filter_type, water_change_volume, water_change_frequency, temperature, ph, gh, specific_gravity, substrate_type, substrate_depth, substrate_color, light_type, light_strength, light_hours, co2, co2_description, video_url, submitted_on, approved_on, approved_by, points, article_points, first_time_species, flowered, sexual_reproduction, witnessed_by, witnessed_on, witness_verification_status, denied_on, denied_by, denied_reason, cares_species, article_link, changes_requested_on, changes_requested_by, changes_requested_reason, notes) VALUES (160, '2026-06-23 15:20:08', '2026-06-23 15:20:08', 13, 'coral', 'Coral', 'Soft', 'Cabbage corals', 'Sinularia Dura', 7057, 2377, 'Salt', NULL, '2012-01-12', '["Phyto","Zooplan"]', '[]', 'cutting', '150gal', 'Sump', '10%', 'Bi-weekly', '78', '8.2', NULL, '1.026', 'Sand', NULL, NULL, 'mh', '175 w mh', '10hrs', NULL, NULL, NULL, '2026-06-23T15:20:08.956Z', '2026-06-23T15:20:08.967Z', 9, 20, 0, 0, 0, 0, 1, '2026-06-23T15:20:08.956Z', 'confirmed', NULL, NULL, NULL, 0, NULL, NULL, NULL, NULL, NULL);
INSERT INTO submissions (id, created_on, updated_on, member_id, program, species_type, species_class, species_common_name, species_latin_name, common_name_id, scientific_name_id, water_type, count, reproduction_date, foods, spawn_locations, propagation_method, tank_size, filter_type, water_change_volume, water_change_frequency, temperature, ph, gh, specific_gravity, substrate_type, substrate_depth, substrate_color, light_type, light_strength, light_hours, co2, co2_description, video_url, submitted_on, approved_on, approved_by, points, article_points, first_time_species, flowered, sexual_reproduction, witnessed_by, witnessed_on, witness_verification_status, denied_on, denied_by, denied_reason, cares_species, article_link, changes_requested_on, changes_requested_by, changes_requested_reason, notes) VALUES (161, '2026-06-23 15:20:08', '2026-06-23 15:20:08', 13, 'coral', 'Coral', 'Hard', 'stylophora', 'stylophora', 7058, 2378, 'Salt', NULL, '2013-11-26', '["Phyto","Zooplan"]', '[]', 'Cutting', '180G', 'Sump', '10%', 'Bi-weekly', '78', '8.2', NULL, '1.026', 'Sand', NULL, NULL, 'LED', '94watt', '10hrs', NULL, NULL, NULL, '2026-06-23T15:20:08.968Z', '2026-06-23T15:20:08.971Z', 9, 20, 0, 0, 0, 0, 1, '2026-06-23T15:20:08.968Z', 'confirmed', NULL, NULL, NULL, 0, NULL, NULL, NULL, NULL, NULL);
INSERT INTO submissions (id, created_on, updated_on, member_id, program, species_type, species_class, species_common_name, species_latin_name, common_name_id, scientific_name_id, water_type, count, reproduction_date, foods, spawn_locations, propagation_method, tank_size, filter_type, water_change_volume, water_change_frequency, temperature, ph, gh, specific_gravity, substrate_type, substrate_depth, substrate_color, light_type, light_strength, light_hours, co2, co2_description, video_url, submitted_on, approved_on, approved_by, points, article_points, first_time_species, flowered, sexual_reproduction, witnessed_by, witnessed_on, witness_verification_status, denied_on, denied_by, denied_reason, cares_species, article_link, changes_requested_on, changes_requested_by, changes_requested_reason, notes) VALUES (162, '2026-06-23 15:20:08', '2026-06-23 15:20:08', 13, 'coral', 'Coral', 'Soft', 'pulshing xenia', 'xenia', 7059, 2379, 'Salt', NULL, '2001-09-01', '["Phyto","Zooplan"]', '[]', 'splitting', '150gal', 'Sump', '10%', 'Bi-weekly', '78', '8.2', NULL, '1.026', 'Sand', NULL, NULL, 'mh', '175 w mh', '10hrs', NULL, NULL, NULL, '2026-06-23T15:20:08.971Z', '2026-06-23T15:20:08.982Z', 9, 15, 0, 0, 0, 0, 1, '2026-06-23T15:20:08.972Z', 'confirmed', NULL, NULL, NULL, 0, NULL, NULL, NULL, NULL, NULL);
INSERT INTO submissions (id, created_on, updated_on, member_id, program, species_type, species_class, species_common_name, species_latin_name, common_name_id, scientific_name_id, water_type, count, reproduction_date, foods, spawn_locations, propagation_method, tank_size, filter_type, water_change_volume, water_change_frequency, temperature, ph, gh, specific_gravity, substrate_type, substrate_depth, substrate_color, light_type, light_strength, light_hours, co2, co2_description, video_url, submitted_on, approved_on, approved_by, points, article_points, first_time_species, flowered, sexual_reproduction, witnessed_by, witnessed_on, witness_verification_status, denied_on, denied_by, denied_reason, cares_species, article_link, changes_requested_on, changes_requested_by, changes_requested_reason, notes) VALUES (163, '2026-06-23 15:20:08', '2026-06-23 15:20:08', 13, 'coral', 'Coral', 'Soft', 'sunburst polyps', 'zoanthids', 7060, 2380, 'Salt', NULL, '2009-03-04', '["Phyto","Zooplan"]', '[]', 'Cutting', '180G', 'Sump', '10%', 'Bi-weekly', '78', '8.2', NULL, '1.026', 'Sand', NULL, NULL, 'LED', '94watt', '10hrs', NULL, NULL, NULL, '2026-06-23T15:20:08.982Z', '2026-06-23T15:20:08.985Z', 9, 10, 0, 1, 0, 0, 1, '2026-06-23T15:20:08.983Z', 'confirmed', NULL, NULL, NULL, 0, NULL, NULL, NULL, NULL, NULL);
INSERT INTO submissions (id, created_on, updated_on, member_id, program, species_type, species_class, species_common_name, species_latin_name, common_name_id, scientific_name_id, water_type, count, reproduction_date, foods, spawn_locations, propagation_method, tank_size, filter_type, water_change_volume, water_change_frequency, temperature, ph, gh, specific_gravity, substrate_type, substrate_depth, substrate_color, light_type, light_strength, light_hours, co2, co2_description, video_url, submitted_on, approved_on, approved_by, points, article_points, first_time_species, flowered, sexual_reproduction, witnessed_by, witnessed_on, witness_verification_status, denied_on, denied_by, denied_reason, cares_species, article_link, changes_requested_on, changes_requested_by, changes_requested_reason, notes) VALUES (164, '2026-06-23 15:20:08', '2026-06-23 15:20:08', 13, 'fish', 'Invert', 'Shrimp', 'cherry shrimp', 'neocaridina heteropoda', 7061, 2381, 'Fresh', NULL, '2011-11-12', '["iron","trace elements","liq co2"]', '[]', 'egglayers', '38 gal', 'sump', '40%', 'Bi-weekly', '78', '6.8', NULL, NULL, 'eco complete', NULL, NULL, 'pc', '68w', '7 hrs', NULL, NULL, NULL, '2026-06-23T15:20:08.985Z', '2026-06-23T15:20:08.996Z', 9, 15, 0, 0, 0, 0, 4, '2026-06-23T15:20:08.986Z', 'confirmed', NULL, NULL, NULL, 0, NULL, NULL, NULL, NULL, NULL);
INSERT INTO submissions (id, created_on, updated_on, member_id, program, species_type, species_class, species_common_name, species_latin_name, common_name_id, scientific_name_id, water_type, count, reproduction_date, foods, spawn_locations, propagation_method, tank_size, filter_type, water_change_volume, water_change_frequency, temperature, ph, gh, specific_gravity, substrate_type, substrate_depth, substrate_color, light_type, light_strength, light_hours, co2, co2_description, video_url, submitted_on, approved_on, approved_by, points, article_points, first_time_species, flowered, sexual_reproduction, witnessed_by, witnessed_on, witness_verification_status, denied_on, denied_by, denied_reason, cares_species, article_link, changes_requested_on, changes_requested_by, changes_requested_reason, notes) VALUES (165, '2026-06-23 15:20:08', '2026-06-23 15:20:08', 13, 'fish', 'Invert', 'Shrimp', 'self cloning crawfish', 'self cloning crawfish', 7062, 2382, 'Fresh', NULL, '2012-06-12', '["iron","trace elements","liq co2"]', '[]', 'egglayers', '38 gal', 'sump', '40%', 'Bi-weekly', '78', '6.8', NULL, NULL, 'eco complete', NULL, NULL, 'pc', '68w', '7 hrs', NULL, NULL, NULL, '2026-06-23T15:20:08.996Z', '2026-06-23T15:20:08.999Z', 9, 15, 0, 0, 0, 0, 4, '2026-06-23T15:20:08.997Z', 'confirmed', NULL, NULL, NULL, 0, NULL, NULL, NULL, NULL, NULL);
INSERT INTO submissions (id, created_on, updated_on, member_id, program, species_type, species_class, species_common_name, species_latin_name, common_name_id, scientific_name_id, water_type, count, reproduction_date, foods, spawn_locations, propagation_method, tank_size, filter_type, water_change_volume, water_change_frequency, temperature, ph, gh, specific_gravity, substrate_type, substrate_depth, substrate_color, light_type, light_strength, light_hours, co2, co2_description, video_url, submitted_on, approved_on, approved_by, points, article_points, first_time_species, flowered, sexual_reproduction, witnessed_by, witnessed_on, witness_verification_status, denied_on, denied_by, denied_reason, cares_species, article_link, changes_requested_on, changes_requested_by, changes_requested_reason, notes) VALUES (166, '2026-06-23 15:20:09', '2026-06-23 15:20:09', 13, 'fish', 'Invert', 'Shrimp', 'Malawai shrimp', 'Caridina sp.', 7063, 2383, 'Fresh', NULL, '2011-01-01', '["iron","trace elements","liq co2"]', '[]', 'egglayers', '38 gal', 'sump', '40%', 'Bi-weekly', '78', '6.8', NULL, NULL, 'eco complete', NULL, NULL, 'pc', '68w', '7 hrs', NULL, NULL, NULL, '2026-06-23T15:20:08.999Z', '2026-06-23T15:20:09.010Z', 9, 15, 0, 0, 0, 0, 4, '2026-06-23T15:20:09.000Z', 'confirmed', NULL, NULL, NULL, 0, NULL, NULL, NULL, NULL, NULL);
INSERT INTO submissions (id, created_on, updated_on, member_id, program, species_type, species_class, species_common_name, species_latin_name, common_name_id, scientific_name_id, water_type, count, reproduction_date, foods, spawn_locations, propagation_method, tank_size, filter_type, water_change_volume, water_change_frequency, temperature, ph, gh, specific_gravity, substrate_type, substrate_depth, substrate_color, light_type, light_strength, light_hours, co2, co2_description, video_url, submitted_on, approved_on, approved_by, points, article_points, first_time_species, flowered, sexual_reproduction, witnessed_by, witnessed_on, witness_verification_status, denied_on, denied_by, denied_reason, cares_species, article_link, changes_requested_on, changes_requested_by, changes_requested_reason, notes) VALUES (167, '2026-06-23 15:20:09', '2026-06-23 15:20:09', 13, 'plant', 'Plant', 'Sword Plants', 'Amazon Swords', 'Echinodorus grisebachii', 7064, 1437, 'Fresh', NULL, '2009-02-12', '["iron","trace elements","liq co2"]', '[]', NULL, '38 gal', NULL, NULL, 'Bi-weekly', '78', '6.8', NULL, NULL, 'eco complete', NULL, NULL, 'pc', '68w', '7 hrs', NULL, NULL, NULL, '2026-06-23T15:20:09.011Z', '2026-06-23T15:20:09.014Z', 9, 10, 0, 0, 0, 0, 4, '2026-06-23T15:20:09.012Z', 'confirmed', NULL, NULL, NULL, 0, NULL, NULL, NULL, NULL, NULL);
INSERT INTO submissions (id, created_on, updated_on, member_id, program, species_type, species_class, species_common_name, species_latin_name, common_name_id, scientific_name_id, water_type, count, reproduction_date, foods, spawn_locations, propagation_method, tank_size, filter_type, water_change_volume, water_change_frequency, temperature, ph, gh, specific_gravity, substrate_type, substrate_depth, substrate_color, light_type, light_strength, light_hours, co2, co2_description, video_url, submitted_on, approved_on, approved_by, points, article_points, first_time_species, flowered, sexual_reproduction, witnessed_by, witnessed_on, witness_verification_status, denied_on, denied_by, denied_reason, cares_species, article_link, changes_requested_on, changes_requested_by, changes_requested_reason, notes) VALUES (168, '2026-06-23 15:20:09', '2026-06-23 15:20:09', 13, 'plant', 'Plant', 'Anubias & Lagenandra', 'anubius', 'Anubius Barteri Nana', 7065, 2385, 'Fresh', NULL, '2011-12-28', '["iron","trace elements","liq co2"]', '[]', NULL, '38 gal', NULL, NULL, 'Bi-weekly', '78', '6.8', NULL, NULL, 'eco complete', NULL, NULL, 'pc', '68w', '7 hrs', NULL, NULL, NULL, '2026-06-23T15:20:09.015Z', '2026-06-23T15:20:09.025Z', 9, 15, 0, 0, 0, 0, 4, '2026-06-23T15:20:09.015Z', 'confirmed', NULL, NULL, NULL, 0, NULL, NULL, NULL, NULL, NULL);
INSERT INTO submissions (id, created_on, updated_on, member_id, program, species_type, species_class, species_common_name, species_latin_name, common_name_id, scientific_name_id, water_type, count, reproduction_date, foods, spawn_locations, propagation_method, tank_size, filter_type, water_change_volume, water_change_frequency, temperature, ph, gh, specific_gravity, substrate_type, substrate_depth, substrate_color, light_type, light_strength, light_hours, co2, co2_description, video_url, submitted_on, approved_on, approved_by, points, article_points, first_time_species, flowered, sexual_reproduction, witnessed_by, witnessed_on, witness_verification_status, denied_on, denied_by, denied_reason, cares_species, article_link, changes_requested_on, changes_requested_by, changes_requested_reason, notes) VALUES (169, '2026-06-23 15:20:09', '2026-06-23 15:20:09', 13, 'plant', 'Plant', 'Anubias & Lagenandra', 'anubius', 'Anubius congensis', 7066, 2386, 'Fresh', NULL, '2011-12-28', '["iron","trace elements","liq co2"]', '[]', NULL, '38 gal', NULL, NULL, 'Bi-weekly', '78', '6.8', NULL, NULL, 'eco complete', NULL, NULL, 'pc', '68w', '7 hrs', NULL, NULL, NULL, '2026-06-23T15:20:09.025Z', '2026-06-23T15:20:09.028Z', 9, 15, 0, 0, 0, 0, 4, '2026-06-23T15:20:09.026Z', 'confirmed', NULL, NULL, NULL, 0, NULL, NULL, NULL, NULL, NULL);
INSERT INTO submissions (id, created_on, updated_on, member_id, program, species_type, species_class, species_common_name, species_latin_name, common_name_id, scientific_name_id, water_type, count, reproduction_date, foods, spawn_locations, propagation_method, tank_size, filter_type, water_change_volume, water_change_frequency, temperature, ph, gh, specific_gravity, substrate_type, substrate_depth, substrate_color, light_type, light_strength, light_hours, co2, co2_description, video_url, submitted_on, approved_on, approved_by, points, article_points, first_time_species, flowered, sexual_reproduction, witnessed_by, witnessed_on, witness_verification_status, denied_on, denied_by, denied_reason, cares_species, article_link, changes_requested_on, changes_requested_by, changes_requested_reason, notes) VALUES (170, '2026-06-23 15:20:09', '2026-06-23 15:20:09', 13, 'plant', 'Plant', 'Stem Plants', 'baby tears', 'Baby tears', 7067, 1275, 'Fresh', NULL, '2011-06-01', '["iron","trace elements","liq co2"]', '[]', NULL, '38 gal', NULL, NULL, 'Bi-weekly', '78', '6.8', NULL, NULL, 'eco complete', NULL, NULL, 'pc', '68w', '7 hrs', NULL, NULL, NULL, '2026-06-23T15:20:09.029Z', '2026-06-23T15:20:09.039Z', 9, 15, 0, 0, 0, 0, 4, '2026-06-23T15:20:09.030Z', 'confirmed', NULL, NULL, NULL, 0, NULL, NULL, NULL, NULL, NULL);
INSERT INTO submissions (id, created_on, updated_on, member_id, program, species_type, species_class, species_common_name, species_latin_name, common_name_id, scientific_name_id, water_type, count, reproduction_date, foods, spawn_locations, propagation_method, tank_size, filter_type, water_change_volume, water_change_frequency, temperature, ph, gh, specific_gravity, substrate_type, substrate_depth, substrate_color, light_type, light_strength, light_hours, co2, co2_description, video_url, submitted_on, approved_on, approved_by, points, article_points, first_time_species, flowered, sexual_reproduction, witnessed_by, witnessed_on, witness_verification_status, denied_on, denied_by, denied_reason, cares_species, article_link, changes_requested_on, changes_requested_by, changes_requested_reason, notes) VALUES (171, '2026-06-23 15:20:09', '2026-06-23 15:20:09', 13, 'plant', 'Plant', 'Stem Plants', 'combomba', 'Cabomba caroliniana', 7068, 2388, 'Fresh', NULL, '2010-12-14', '["iron","trace elements","liq co2"]', '[]', NULL, '38 gal', NULL, NULL, 'Bi-weekly', '78', '6.8', NULL, NULL, 'eco complete', NULL, NULL, 'pc', '68w', '7 hrs', NULL, NULL, NULL, '2026-06-23T15:20:09.040Z', '2026-06-23T15:20:09.042Z', 9, 15, 0, 0, 0, 0, 4, '2026-06-23T15:20:09.040Z', 'confirmed', NULL, NULL, NULL, 0, NULL, NULL, NULL, NULL, NULL);
INSERT INTO submissions (id, created_on, updated_on, member_id, program, species_type, species_class, species_common_name, species_latin_name, common_name_id, scientific_name_id, water_type, count, reproduction_date, foods, spawn_locations, propagation_method, tank_size, filter_type, water_change_volume, water_change_frequency, temperature, ph, gh, specific_gravity, substrate_type, substrate_depth, substrate_color, light_type, light_strength, light_hours, co2, co2_description, video_url, submitted_on, approved_on, approved_by, points, article_points, first_time_species, flowered, sexual_reproduction, witnessed_by, witnessed_on, witness_verification_status, denied_on, denied_by, denied_reason, cares_species, article_link, changes_requested_on, changes_requested_by, changes_requested_reason, notes) VALUES (172, '2026-06-23 15:20:09', '2026-06-23 15:20:09', 13, 'plant', 'Plant', 'Cryptocoryne', 'crypts', 'Cryptocoryne sp.', 7069, 2389, 'Fresh', NULL, '2011-12-28', '["iron","trace elements","liq co2"]', '[]', NULL, '38 gal', NULL, NULL, 'Bi-weekly', '78', '6.8', NULL, NULL, 'eco complete', NULL, NULL, 'pc', '68w', '7 hrs', NULL, NULL, NULL, '2026-06-23T15:20:09.042Z', '2026-06-23T15:20:09.053Z', 9, 15, 0, 0, 0, 0, 4, '2026-06-23T15:20:09.043Z', 'confirmed', NULL, NULL, NULL, 0, NULL, NULL, NULL, NULL, NULL);
INSERT INTO submissions (id, created_on, updated_on, member_id, program, species_type, species_class, species_common_name, species_latin_name, common_name_id, scientific_name_id, water_type, count, reproduction_date, foods, spawn_locations, propagation_method, tank_size, filter_type, water_change_volume, water_change_frequency, temperature, ph, gh, specific_gravity, substrate_type, substrate_depth, substrate_color, light_type, light_strength, light_hours, co2, co2_description, video_url, submitted_on, approved_on, approved_by, points, article_points, first_time_species, flowered, sexual_reproduction, witnessed_by, witnessed_on, witness_verification_status, denied_on, denied_by, denied_reason, cares_species, article_link, changes_requested_on, changes_requested_by, changes_requested_reason, notes) VALUES (173, '2026-06-23 15:20:09', '2026-06-23 15:20:09', 13, 'plant', 'Plant', 'Floating Plants', 'duckweed', 'Lemna minor', 7070, 2390, 'Fresh', NULL, '2011-09-01', '["iron","trace elements","liq co2"]', '[]', NULL, '500 g pond', NULL, NULL, 'Bi-weekly', '78', '6.8', NULL, NULL, 'eco complete', NULL, NULL, 'pc', '68w', '7 hrs', NULL, NULL, NULL, '2026-06-23T15:20:09.054Z', '2026-06-23T15:20:09.056Z', 9, 5, 0, 0, 0, 0, 4, '2026-06-23T15:20:09.054Z', 'confirmed', NULL, NULL, NULL, 0, NULL, NULL, NULL, NULL, NULL);
INSERT INTO submissions (id, created_on, updated_on, member_id, program, species_type, species_class, species_common_name, species_latin_name, common_name_id, scientific_name_id, water_type, count, reproduction_date, foods, spawn_locations, propagation_method, tank_size, filter_type, water_change_volume, water_change_frequency, temperature, ph, gh, specific_gravity, substrate_type, substrate_depth, substrate_color, light_type, light_strength, light_hours, co2, co2_description, video_url, submitted_on, approved_on, approved_by, points, article_points, first_time_species, flowered, sexual_reproduction, witnessed_by, witnessed_on, witness_verification_status, denied_on, denied_by, denied_reason, cares_species, article_link, changes_requested_on, changes_requested_by, changes_requested_reason, notes) VALUES (174, '2026-06-23 15:20:09', '2026-06-23 15:20:09', 13, 'plant', 'Plant', 'Rosette Plants', 'java fern', 'Java fern', 7071, 1534, 'Fresh', NULL, '2008-01-06', '["iron","trace elements","liq co2"]', '[]', NULL, '38 gal', NULL, NULL, 'Bi-weekly', '78', '6.8', NULL, NULL, 'eco complete', NULL, NULL, 'pc', '68w', '7 hrs', NULL, NULL, NULL, '2026-06-23T15:20:09.057Z', '2026-06-23T15:20:09.068Z', 9, 5, 0, 0, 0, 0, 4, '2026-06-23T15:20:09.058Z', 'confirmed', NULL, NULL, NULL, 0, NULL, NULL, NULL, NULL, NULL);
INSERT INTO submissions (id, created_on, updated_on, member_id, program, species_type, species_class, species_common_name, species_latin_name, common_name_id, scientific_name_id, water_type, count, reproduction_date, foods, spawn_locations, propagation_method, tank_size, filter_type, water_change_volume, water_change_frequency, temperature, ph, gh, specific_gravity, substrate_type, substrate_depth, substrate_color, light_type, light_strength, light_hours, co2, co2_description, video_url, submitted_on, approved_on, approved_by, points, article_points, first_time_species, flowered, sexual_reproduction, witnessed_by, witnessed_on, witness_verification_status, denied_on, denied_by, denied_reason, cares_species, article_link, changes_requested_on, changes_requested_by, changes_requested_reason, notes) VALUES (175, '2026-06-23 15:20:09', '2026-06-23 15:20:09', 13, 'plant', 'Plant', 'Primitive Plants', 'java moss', 'Java moss', 7072, 1535, 'Fresh', NULL, '2011-02-09', '["iron","trace elements","liq co2"]', '[]', NULL, '38 gal', NULL, NULL, 'Bi-weekly', '78', '6.8', NULL, NULL, 'eco complete', NULL, NULL, 'pc', '68w', '7 hrs', NULL, NULL, NULL, '2026-06-23T15:20:09.069Z', '2026-06-23T15:20:09.071Z', 9, 5, 0, 0, 0, 0, 4, '2026-06-23T15:20:09.070Z', 'confirmed', NULL, NULL, NULL, 0, NULL, NULL, NULL, NULL, NULL);
INSERT INTO submissions (id, created_on, updated_on, member_id, program, species_type, species_class, species_common_name, species_latin_name, common_name_id, scientific_name_id, water_type, count, reproduction_date, foods, spawn_locations, propagation_method, tank_size, filter_type, water_change_volume, water_change_frequency, temperature, ph, gh, specific_gravity, substrate_type, substrate_depth, substrate_color, light_type, light_strength, light_hours, co2, co2_description, video_url, submitted_on, approved_on, approved_by, points, article_points, first_time_species, flowered, sexual_reproduction, witnessed_by, witnessed_on, witness_verification_status, denied_on, denied_by, denied_reason, cares_species, article_link, changes_requested_on, changes_requested_by, changes_requested_reason, notes) VALUES (176, '2026-06-23 15:20:09', '2026-06-23 15:20:09', 13, 'plant', 'Plant', 'Water Lilles', 'lilly', 'Nymphaea sp.', 7073, 2393, 'Fresh', NULL, '2020-07-10', '["iron","trace elements","liq co2"]', '[]', NULL, '500 pond', 'canister', NULL, 'Bi-weekly', '78', '6.8', NULL, NULL, 'eco complete', NULL, NULL, NULL, 'sun', NULL, NULL, NULL, NULL, '2026-06-23T15:20:09.072Z', '2026-06-23T15:20:09.075Z', 9, 15, 0, 0, 1, 0, 4, '2026-06-23T15:20:09.073Z', 'confirmed', NULL, NULL, NULL, 0, NULL, NULL, NULL, NULL, NULL);
INSERT INTO submissions (id, created_on, updated_on, member_id, program, species_type, species_class, species_common_name, species_latin_name, common_name_id, scientific_name_id, water_type, count, reproduction_date, foods, spawn_locations, propagation_method, tank_size, filter_type, water_change_volume, water_change_frequency, temperature, ph, gh, specific_gravity, substrate_type, substrate_depth, substrate_color, light_type, light_strength, light_hours, co2, co2_description, video_url, submitted_on, approved_on, approved_by, points, article_points, first_time_species, flowered, sexual_reproduction, witnessed_by, witnessed_on, witness_verification_status, denied_on, denied_by, denied_reason, cares_species, article_link, changes_requested_on, changes_requested_by, changes_requested_reason, notes) VALUES (177, '2026-06-23 15:20:09', '2026-06-23 15:20:09', 13, 'plant', 'Plant', 'Stem Plants', 'najas', 'Najas guadalupensis', 7074, 16, 'Fresh', NULL, '2013-01-12', '["iron","trace elements","liq co2"]', '[]', NULL, '5 gal', 'box filter', '10%', 'Bi-weekly', '78', '6.8', NULL, NULL, 'eco complete', NULL, NULL, 'pc', '15w', '7 hrs', NULL, NULL, NULL, '2026-06-23T15:20:09.084Z', '2026-06-23T15:20:09.086Z', 9, 15, 0, 0, 0, 0, 4, '2026-06-23T15:20:09.084Z', 'confirmed', NULL, NULL, NULL, 0, NULL, NULL, NULL, NULL, NULL);
INSERT INTO submissions (id, created_on, updated_on, member_id, program, species_type, species_class, species_common_name, species_latin_name, common_name_id, scientific_name_id, water_type, count, reproduction_date, foods, spawn_locations, propagation_method, tank_size, filter_type, water_change_volume, water_change_frequency, temperature, ph, gh, specific_gravity, substrate_type, substrate_depth, substrate_color, light_type, light_strength, light_hours, co2, co2_description, video_url, submitted_on, approved_on, approved_by, points, article_points, first_time_species, flowered, sexual_reproduction, witnessed_by, witnessed_on, witness_verification_status, denied_on, denied_by, denied_reason, cares_species, article_link, changes_requested_on, changes_requested_by, changes_requested_reason, notes) VALUES (178, '2026-06-23 15:20:09', '2026-06-23 15:20:09', 13, 'plant', 'Plant', 'Stem Plants', 'parrot featers', 'Myriophyllum aquaticum', 7075, 1604, 'Fresh', NULL, '2010-06-14', '["iron","trace elements","liq co2"]', '[]', NULL, '38 gal', NULL, NULL, 'Bi-weekly', '78', '6.8', NULL, NULL, 'eco complete', NULL, NULL, 'pc', '68w', '7 hrs', NULL, NULL, NULL, '2026-06-23T15:20:09.086Z', '2026-06-23T15:20:09.089Z', 9, 15, 0, 0, 0, 0, 4, '2026-06-23T15:20:09.087Z', 'confirmed', NULL, NULL, NULL, 0, NULL, NULL, NULL, NULL, NULL);
INSERT INTO submissions (id, created_on, updated_on, member_id, program, species_type, species_class, species_common_name, species_latin_name, common_name_id, scientific_name_id, water_type, count, reproduction_date, foods, spawn_locations, propagation_method, tank_size, filter_type, water_change_volume, water_change_frequency, temperature, ph, gh, specific_gravity, substrate_type, substrate_depth, substrate_color, light_type, light_strength, light_hours, co2, co2_description, video_url, submitted_on, approved_on, approved_by, points, article_points, first_time_species, flowered, sexual_reproduction, witnessed_by, witnessed_on, witness_verification_status, denied_on, denied_by, denied_reason, cares_species, article_link, changes_requested_on, changes_requested_by, changes_requested_reason, notes) VALUES (179, '2026-06-23 15:20:09', '2026-06-23 15:20:09', 13, 'plant', 'Plant', 'Sword Plants', 'pygma swords', 'Helanthium tenellum', 7076, 1500, 'Fresh', NULL, '2011-02-09', '["iron","trace elements","liq co2"]', '[]', NULL, '38 gal', NULL, NULL, 'Bi-weekly', '78', '6.8', NULL, NULL, 'eco complete', NULL, NULL, 'pc', '68w', '7 hrs', NULL, NULL, NULL, '2026-06-23T15:20:09.097Z', '2026-06-23T15:20:09.101Z', 9, 15, 0, 0, 0, 0, 4, '2026-06-23T15:20:09.099Z', 'confirmed', NULL, NULL, NULL, 0, NULL, NULL, NULL, NULL, NULL);
INSERT INTO submissions (id, created_on, updated_on, member_id, program, species_type, species_class, species_common_name, species_latin_name, common_name_id, scientific_name_id, water_type, count, reproduction_date, foods, spawn_locations, propagation_method, tank_size, filter_type, water_change_volume, water_change_frequency, temperature, ph, gh, specific_gravity, substrate_type, substrate_depth, substrate_color, light_type, light_strength, light_hours, co2, co2_description, video_url, submitted_on, approved_on, approved_by, points, article_points, first_time_species, flowered, sexual_reproduction, witnessed_by, witnessed_on, witness_verification_status, denied_on, denied_by, denied_reason, cares_species, article_link, changes_requested_on, changes_requested_by, changes_requested_reason, notes) VALUES (180, '2026-06-23 15:20:09', '2026-06-23 15:20:09', 13, 'plant', 'Plant', 'Stem Plants', 'red nesea', 'Nesaea crassicaulis', 7077, 1612, 'Fresh', NULL, '2010-12-14', '["iron","trace elements","liq co2"]', '[]', NULL, '38 gal', NULL, NULL, 'Bi-weekly', '78', '6.8', NULL, NULL, 'eco complete', NULL, NULL, 'pc', '68w', '7 hrs', NULL, NULL, NULL, '2026-06-23T15:20:09.101Z', '2026-06-23T15:20:09.104Z', 9, 15, 0, 0, 0, 0, 4, '2026-06-23T15:20:09.102Z', 'confirmed', NULL, NULL, NULL, 0, NULL, NULL, NULL, NULL, NULL);
INSERT INTO submissions (id, created_on, updated_on, member_id, program, species_type, species_class, species_common_name, species_latin_name, common_name_id, scientific_name_id, water_type, count, reproduction_date, foods, spawn_locations, propagation_method, tank_size, filter_type, water_change_volume, water_change_frequency, temperature, ph, gh, specific_gravity, substrate_type, substrate_depth, substrate_color, light_type, light_strength, light_hours, co2, co2_description, video_url, submitted_on, approved_on, approved_by, points, article_points, first_time_species, flowered, sexual_reproduction, witnessed_by, witnessed_on, witness_verification_status, denied_on, denied_by, denied_reason, cares_species, article_link, changes_requested_on, changes_requested_by, changes_requested_reason, notes) VALUES (181, '2026-06-23 15:20:09', '2026-06-23 15:20:09', 13, 'plant', 'Plant', 'Rosette Plants', 'red temple', 'Alternanthera reineckii', 7078, 1205, 'Fresh', NULL, '2009-04-06', '["iron","trace elements","liq co2"]', '[]', NULL, '38 gal', NULL, NULL, 'Bi-weekly', '78', '6.8', NULL, NULL, 'eco complete', NULL, NULL, 'pc', '68w', '7 hrs', NULL, NULL, NULL, '2026-06-23T15:20:09.113Z', '2026-06-23T15:20:09.115Z', 9, 15, 0, 0, 0, 0, 4, '2026-06-23T15:20:09.114Z', 'confirmed', NULL, NULL, NULL, 0, NULL, NULL, NULL, NULL, NULL);
INSERT INTO submissions (id, created_on, updated_on, member_id, program, species_type, species_class, species_common_name, species_latin_name, common_name_id, scientific_name_id, water_type, count, reproduction_date, foods, spawn_locations, propagation_method, tank_size, filter_type, water_change_volume, water_change_frequency, temperature, ph, gh, specific_gravity, substrate_type, substrate_depth, substrate_color, light_type, light_strength, light_hours, co2, co2_description, video_url, submitted_on, approved_on, approved_by, points, article_points, first_time_species, flowered, sexual_reproduction, witnessed_by, witnessed_on, witness_verification_status, denied_on, denied_by, denied_reason, cares_species, article_link, changes_requested_on, changes_requested_by, changes_requested_reason, notes) VALUES (182, '2026-06-23 15:20:09', '2026-06-23 15:20:09', 13, 'plant', 'Plant', 'Rosette Plants', 'valasanaria', 'Vallisneria sp.', 7079, 54, 'Fresh', NULL, '2011-12-22', '["iron","trace elements","liq co2"]', '[]', NULL, '38 gal', NULL, NULL, 'Bi-weekly', '78', '6.8', NULL, NULL, 'eco complete', NULL, NULL, 'pc', '68w', '7 hrs', NULL, NULL, NULL, '2026-06-23T15:20:09.116Z', '2026-06-23T15:20:09.118Z', 9, 15, 0, 0, 0, 0, 4, '2026-06-23T15:20:09.116Z', 'confirmed', NULL, NULL, NULL, 0, NULL, NULL, NULL, NULL, NULL);
INSERT INTO submissions (id, created_on, updated_on, member_id, program, species_type, species_class, species_common_name, species_latin_name, common_name_id, scientific_name_id, water_type, count, reproduction_date, foods, spawn_locations, propagation_method, tank_size, filter_type, water_change_volume, water_change_frequency, temperature, ph, gh, specific_gravity, substrate_type, substrate_depth, substrate_color, light_type, light_strength, light_hours, co2, co2_description, video_url, submitted_on, approved_on, approved_by, points, article_points, first_time_species, flowered, sexual_reproduction, witnessed_by, witnessed_on, witness_verification_status, denied_on, denied_by, denied_reason, cares_species, article_link, changes_requested_on, changes_requested_by, changes_requested_reason, notes) VALUES (183, '2026-06-23 15:20:09', '2026-06-23 15:20:09', 13, 'plant', 'Plant', 'Floating Plants', 'water hyacinth', 'Water hyacinth', 7080, 1771, 'Fresh', NULL, '2012-07-05', '["none"]', '[]', NULL, '500 g pond', 'canister', NULL, 'Bi-weekly', '78', '6.8', NULL, NULL, 'eco complete', NULL, NULL, NULL, 'sun', NULL, NULL, NULL, NULL, '2026-06-23T15:20:09.128Z', '2026-06-23T15:20:09.131Z', 9, 10, 0, 0, 1, 0, 1, '2026-06-23T15:20:09.129Z', 'confirmed', NULL, NULL, NULL, 0, NULL, NULL, NULL, NULL, NULL);
INSERT INTO submissions (id, created_on, updated_on, member_id, program, species_type, species_class, species_common_name, species_latin_name, common_name_id, scientific_name_id, water_type, count, reproduction_date, foods, spawn_locations, propagation_method, tank_size, filter_type, water_change_volume, water_change_frequency, temperature, ph, gh, specific_gravity, substrate_type, substrate_depth, substrate_color, light_type, light_strength, light_hours, co2, co2_description, video_url, submitted_on, approved_on, approved_by, points, article_points, first_time_species, flowered, sexual_reproduction, witnessed_by, witnessed_on, witness_verification_status, denied_on, denied_by, denied_reason, cares_species, article_link, changes_requested_on, changes_requested_by, changes_requested_reason, notes) VALUES (184, '2026-06-23 15:20:09', '2026-06-23 15:20:09', 13, 'plant', 'Plant', 'Floating Plants', 'water lettuce', 'Water lettuce', 7081, 1772, 'Fresh', NULL, '2010-07-05', '["none"]', '[]', NULL, '500 g pond', 'canister', NULL, 'Bi-weekly', '78', '6.8', NULL, NULL, 'eco complete', NULL, NULL, NULL, 'sun', NULL, NULL, NULL, NULL, '2026-06-23T15:20:09.131Z', '2026-06-23T15:20:09.142Z', 9, 10, 0, 0, 1, 0, 1, '2026-06-23T15:20:09.132Z', 'confirmed', NULL, NULL, NULL, 0, NULL, NULL, NULL, NULL, NULL);
INSERT INTO submissions (id, created_on, updated_on, member_id, program, species_type, species_class, species_common_name, species_latin_name, common_name_id, scientific_name_id, water_type, count, reproduction_date, foods, spawn_locations, propagation_method, tank_size, filter_type, water_change_volume, water_change_frequency, temperature, ph, gh, specific_gravity, substrate_type, substrate_depth, substrate_color, light_type, light_strength, light_hours, co2, co2_description, video_url, submitted_on, approved_on, approved_by, points, article_points, first_time_species, flowered, sexual_reproduction, witnessed_by, witnessed_on, witness_verification_status, denied_on, denied_by, denied_reason, cares_species, article_link, changes_requested_on, changes_requested_by, changes_requested_reason, notes) VALUES (185, '2026-06-23 15:20:09', '2026-06-23 15:20:09', 13, 'plant', 'Plant', 'Stem Plants', 'wisteria', 'Hygrophila difformis', 7082, 1524, 'Fresh', NULL, '2010-12-14', '["iron","trace elements","liq co2"]', '[]', NULL, '38 gal', NULL, NULL, 'Bi-weekly', '78', '6.8', NULL, NULL, 'eco complete', NULL, NULL, 'pc', '68w', '7 hrs', NULL, NULL, NULL, '2026-06-23T15:20:09.142Z', '2026-06-23T15:20:09.145Z', 9, 10, 0, 0, 0, 0, 4, '2026-06-23T15:20:09.143Z', 'confirmed', NULL, NULL, NULL, 0, NULL, NULL, NULL, NULL, NULL);
INSERT INTO submissions (id, created_on, updated_on, member_id, program, species_type, species_class, species_common_name, species_latin_name, common_name_id, scientific_name_id, water_type, count, reproduction_date, foods, spawn_locations, propagation_method, tank_size, filter_type, water_change_volume, water_change_frequency, temperature, ph, gh, specific_gravity, substrate_type, substrate_depth, substrate_color, light_type, light_strength, light_hours, co2, co2_description, video_url, submitted_on, approved_on, approved_by, points, article_points, first_time_species, flowered, sexual_reproduction, witnessed_by, witnessed_on, witness_verification_status, denied_on, denied_by, denied_reason, cares_species, article_link, changes_requested_on, changes_requested_by, changes_requested_reason, notes) VALUES (186, '2026-06-23 15:20:09', '2026-06-23 15:20:09', 13, 'fish', 'Fish', 'Livebearers', 'Balloon Mollie', 'Mollienesia species', 7083, 2403, 'Fresh', NULL, '2009-02-26', '["none"]', '[]', NULL, '20g', 'hob', NULL, 'Bi-weekly', '76', '6.8', NULL, NULL, 'gravel', NULL, NULL, 'flor.', '20w flor', '5hrs', NULL, NULL, NULL, '2026-06-23T15:20:09.145Z', '2026-06-23T15:20:09.156Z', 9, 5, 0, 0, 0, 0, 4, '2026-06-23T15:20:09.146Z', 'confirmed', NULL, NULL, NULL, 0, NULL, NULL, NULL, NULL, NULL);
INSERT INTO submissions (id, created_on, updated_on, member_id, program, species_type, species_class, species_common_name, species_latin_name, common_name_id, scientific_name_id, water_type, count, reproduction_date, foods, spawn_locations, propagation_method, tank_size, filter_type, water_change_volume, water_change_frequency, temperature, ph, gh, specific_gravity, substrate_type, substrate_depth, substrate_color, light_type, light_strength, light_hours, co2, co2_description, video_url, submitted_on, approved_on, approved_by, points, article_points, first_time_species, flowered, sexual_reproduction, witnessed_by, witnessed_on, witness_verification_status, denied_on, denied_by, denied_reason, cares_species, article_link, changes_requested_on, changes_requested_by, changes_requested_reason, notes) VALUES (187, '2026-06-23 15:20:09', '2026-06-23 15:20:09', 13, 'fish', 'Fish', 'Livebearers', 'Half Black Guppy', 'Poecilia reticulata', 7084, 3, 'Fresh', NULL, '2009-05-08', '["none"]', '[]', NULL, '20g', 'hob', NULL, 'Bi-weekly', '76', '6.8', NULL, NULL, 'gravel', NULL, NULL, 'flor.', '20w flor', '5hrs', NULL, NULL, NULL, '2026-06-23T15:20:09.157Z', '2026-06-23T15:20:09.159Z', 9, 5, 0, 0, 0, 0, 4, '2026-06-23T15:20:09.158Z', 'confirmed', NULL, NULL, NULL, 0, NULL, NULL, NULL, NULL, NULL);
INSERT INTO submissions (id, created_on, updated_on, member_id, program, species_type, species_class, species_common_name, species_latin_name, common_name_id, scientific_name_id, water_type, count, reproduction_date, foods, spawn_locations, propagation_method, tank_size, filter_type, water_change_volume, water_change_frequency, temperature, ph, gh, specific_gravity, substrate_type, substrate_depth, substrate_color, light_type, light_strength, light_hours, co2, co2_description, video_url, submitted_on, approved_on, approved_by, points, article_points, first_time_species, flowered, sexual_reproduction, witnessed_by, witnessed_on, witness_verification_status, denied_on, denied_by, denied_reason, cares_species, article_link, changes_requested_on, changes_requested_by, changes_requested_reason, notes) VALUES (188, '2026-06-23 15:20:09', '2026-06-23 15:20:09', 13, 'fish', 'Fish', 'Cichlids - New World', 'koi angels', 'Pterophyllum scalare', 7085, 47, 'Fresh', NULL, '2008-12-02', '["none"]', '[]', NULL, '38gal', 'sump', NULL, 'Bi-weekly', '78', '6.8', NULL, NULL, 'gravel', NULL, NULL, 'flor.', '30w', '5hrs', NULL, NULL, NULL, '2026-06-23T15:20:09.159Z', '2026-06-23T15:20:09.169Z', 9, 15, 5, 0, 0, 0, 4, '2026-06-23T15:20:09.160Z', 'confirmed', NULL, NULL, NULL, 0, NULL, NULL, NULL, NULL, NULL);
INSERT INTO submissions (id, created_on, updated_on, member_id, program, species_type, species_class, species_common_name, species_latin_name, common_name_id, scientific_name_id, water_type, count, reproduction_date, foods, spawn_locations, propagation_method, tank_size, filter_type, water_change_volume, water_change_frequency, temperature, ph, gh, specific_gravity, substrate_type, substrate_depth, substrate_color, light_type, light_strength, light_hours, co2, co2_description, video_url, submitted_on, approved_on, approved_by, points, article_points, first_time_species, flowered, sexual_reproduction, witnessed_by, witnessed_on, witness_verification_status, denied_on, denied_by, denied_reason, cares_species, article_link, changes_requested_on, changes_requested_by, changes_requested_reason, notes) VALUES (189, '2026-06-23 15:20:09', '2026-06-23 15:20:09', 13, 'fish', 'Fish', 'Catfish & Loaches', 'Bushynose Albino Pleco', 'Ancistrus multispinis', 7086, 2406, 'Fresh', NULL, '2008-09-04', '["none"]', '[]', NULL, '10gal', 'Sponge filter', NULL, 'weekly', '78', '6.8', NULL, NULL, 'bare bottom', NULL, NULL, 'flor.', '15watt', '5hrs', NULL, NULL, NULL, '2026-06-23T15:20:09.170Z', '2026-06-23T15:20:09.173Z', 9, 20, 0, 0, 0, 0, 4, '2026-06-23T15:20:09.171Z', 'confirmed', NULL, NULL, NULL, 0, NULL, NULL, NULL, NULL, NULL);
INSERT INTO submissions (id, created_on, updated_on, member_id, program, species_type, species_class, species_common_name, species_latin_name, common_name_id, scientific_name_id, water_type, count, reproduction_date, foods, spawn_locations, propagation_method, tank_size, filter_type, water_change_volume, water_change_frequency, temperature, ph, gh, specific_gravity, substrate_type, substrate_depth, substrate_color, light_type, light_strength, light_hours, co2, co2_description, video_url, submitted_on, approved_on, approved_by, points, article_points, first_time_species, flowered, sexual_reproduction, witnessed_by, witnessed_on, witness_verification_status, denied_on, denied_by, denied_reason, cares_species, article_link, changes_requested_on, changes_requested_by, changes_requested_reason, notes) VALUES (190, '2026-06-23 15:20:09', '2026-06-23 15:20:09', 13, 'fish', 'Fish', 'Livebearers', 'Endlers Livebearer', 'Poecilia endlers', 7087, 2407, 'Fresh', NULL, '2009-10-01', '["none"]', '[]', NULL, '10gal', 'box filter', NULL, 'Bi-weekly', '78', '6.8', NULL, NULL, 'gravel', NULL, NULL, 'flor.', '15watt', '5hrs', NULL, NULL, NULL, '2026-06-23T15:20:09.173Z', '2026-06-23T15:20:09.177Z', 9, 5, 0, 0, 0, 0, 4, '2026-06-23T15:20:09.174Z', 'confirmed', NULL, NULL, NULL, 0, NULL, NULL, NULL, NULL, NULL);
INSERT INTO submissions (id, created_on, updated_on, member_id, program, species_type, species_class, species_common_name, species_latin_name, common_name_id, scientific_name_id, water_type, count, reproduction_date, foods, spawn_locations, propagation_method, tank_size, filter_type, water_change_volume, water_change_frequency, temperature, ph, gh, specific_gravity, substrate_type, substrate_depth, substrate_color, light_type, light_strength, light_hours, co2, co2_description, video_url, submitted_on, approved_on, approved_by, points, article_points, first_time_species, flowered, sexual_reproduction, witnessed_by, witnessed_on, witness_verification_status, denied_on, denied_by, denied_reason, cares_species, article_link, changes_requested_on, changes_requested_by, changes_requested_reason, notes) VALUES (191, '2026-06-23 15:20:09', '2026-06-23 15:20:09', 13, 'fish', 'Fish', 'Miscellaneous', 'Kribenses', 'Pelvicachromis pulcher', 7088, 936, 'Fresh', NULL, '2009-05-06', '["none"]', '[]', NULL, '15gal', 'Sponge filter', NULL, 'Bi-weekly', '78', '6.8', NULL, NULL, 'gravel', NULL, NULL, 'flor.', '15watt', '5hrs', NULL, NULL, NULL, '2026-06-23T15:20:09.187Z', '2026-06-23T15:20:09.189Z', 9, 15, 0, 0, 0, 0, 4, '2026-06-23T15:20:09.188Z', 'confirmed', NULL, NULL, NULL, 0, NULL, NULL, NULL, NULL, NULL);
INSERT INTO submissions (id, created_on, updated_on, member_id, program, species_type, species_class, species_common_name, species_latin_name, common_name_id, scientific_name_id, water_type, count, reproduction_date, foods, spawn_locations, propagation_method, tank_size, filter_type, water_change_volume, water_change_frequency, temperature, ph, gh, specific_gravity, substrate_type, substrate_depth, substrate_color, light_type, light_strength, light_hours, co2, co2_description, video_url, submitted_on, approved_on, approved_by, points, article_points, first_time_species, flowered, sexual_reproduction, witnessed_by, witnessed_on, witness_verification_status, denied_on, denied_by, denied_reason, cares_species, article_link, changes_requested_on, changes_requested_by, changes_requested_reason, notes) VALUES (192, '2026-06-23 15:20:09', '2026-06-23 15:20:09', 13, 'fish', 'Fish', 'Livebearers', 'Swordtail', 'Xiphophorus helleri', 6970, 1188, 'Fresh', NULL, '2001-01-03', '["none"]', '[]', NULL, '10gal', 'box filter', NULL, 'Bi-weekly', '78', '6.8', NULL, NULL, 'gravel', NULL, NULL, 'flor.', '15watt', '5hrs', NULL, NULL, NULL, '2026-06-23T15:20:09.190Z', '2026-06-23T15:20:09.192Z', 9, 5, 0, 0, 0, 0, 4, '2026-06-23T15:20:09.191Z', 'confirmed', NULL, NULL, NULL, 0, NULL, NULL, NULL, NULL, NULL);
INSERT INTO submissions (id, created_on, updated_on, member_id, program, species_type, species_class, species_common_name, species_latin_name, common_name_id, scientific_name_id, water_type, count, reproduction_date, foods, spawn_locations, propagation_method, tank_size, filter_type, water_change_volume, water_change_frequency, temperature, ph, gh, specific_gravity, substrate_type, substrate_depth, substrate_color, light_type, light_strength, light_hours, co2, co2_description, video_url, submitted_on, approved_on, approved_by, points, article_points, first_time_species, flowered, sexual_reproduction, witnessed_by, witnessed_on, witness_verification_status, denied_on, denied_by, denied_reason, cares_species, article_link, changes_requested_on, changes_requested_by, changes_requested_reason, notes) VALUES (193, '2026-06-23 15:20:09', '2026-06-23 15:20:09', 13, 'fish', 'Fish', 'Cichlids - New World', 'convicts', 'Amatitlania nigrofasciata', 7090, 79, 'Fresh', NULL, '2011-12-04', '["none"]', '[]', NULL, '15 gal', 'Sponge filter', NULL, 'Bi-weekly', '78', '6.8', NULL, NULL, 'gravel', NULL, NULL, 'flor.', '15watt', '5hrs', NULL, NULL, NULL, '2026-06-23T15:20:09.194Z', '2026-06-23T15:20:09.202Z', 9, 15, 0, 0, 0, 0, 4, '2026-06-23T15:20:09.197Z', 'confirmed', NULL, NULL, NULL, 0, NULL, NULL, NULL, NULL, NULL);
INSERT INTO submissions (id, created_on, updated_on, member_id, program, species_type, species_class, species_common_name, species_latin_name, common_name_id, scientific_name_id, water_type, count, reproduction_date, foods, spawn_locations, propagation_method, tank_size, filter_type, water_change_volume, water_change_frequency, temperature, ph, gh, specific_gravity, substrate_type, substrate_depth, substrate_color, light_type, light_strength, light_hours, co2, co2_description, video_url, submitted_on, approved_on, approved_by, points, article_points, first_time_species, flowered, sexual_reproduction, witnessed_by, witnessed_on, witness_verification_status, denied_on, denied_by, denied_reason, cares_species, article_link, changes_requested_on, changes_requested_by, changes_requested_reason, notes) VALUES (194, '2026-06-23 15:20:09', '2026-06-23 15:20:09', 13, 'fish', 'Fish', 'Livebearers', 'eastern mosquitofish', 'Gambusia Holbrooki', 7091, 2411, 'Fresh', NULL, '2012-10-22', '["none"]', '[]', NULL, '5 gal', 'box filter', NULL, 'Bi-weekly', '78', '7.2', NULL, NULL, 'crushed coral', NULL, NULL, 'flor.', '15watt', '5hrs', NULL, NULL, NULL, '2026-06-23T15:20:09.204Z', '2026-06-23T15:20:09.211Z', 9, 5, 0, 0, 0, 0, 4, '2026-06-23T15:20:09.207Z', 'confirmed', NULL, NULL, NULL, 0, NULL, NULL, NULL, NULL, NULL);
INSERT INTO submissions (id, created_on, updated_on, member_id, program, species_type, species_class, species_common_name, species_latin_name, common_name_id, scientific_name_id, water_type, count, reproduction_date, foods, spawn_locations, propagation_method, tank_size, filter_type, water_change_volume, water_change_frequency, temperature, ph, gh, specific_gravity, substrate_type, substrate_depth, substrate_color, light_type, light_strength, light_hours, co2, co2_description, video_url, submitted_on, approved_on, approved_by, points, article_points, first_time_species, flowered, sexual_reproduction, witnessed_by, witnessed_on, witness_verification_status, denied_on, denied_by, denied_reason, cares_species, article_link, changes_requested_on, changes_requested_by, changes_requested_reason, notes) VALUES (195, '2026-06-23 15:20:09', '2026-06-23 15:20:09', 13, 'fish', 'Fish', 'Miscellaneous', 'koi', 'Cyprinus rubrofuscus', 7092, 431, 'Fresh', NULL, '2019-01-01', '["none"]', '[]', NULL, '450 gal', 'canister', NULL, 'Bi-weekly', 'outside', '7.2', NULL, NULL, 'none', NULL, NULL, NULL, 'sunlight', NULL, NULL, NULL, NULL, '2026-06-23T15:20:09.212Z', '2026-06-23T15:20:09.224Z', 9, 15, 0, 0, 0, 0, 4, '2026-06-23T15:20:09.213Z', 'confirmed', NULL, NULL, NULL, 0, NULL, NULL, NULL, NULL, NULL);
INSERT INTO submissions (id, created_on, updated_on, member_id, program, species_type, species_class, species_common_name, species_latin_name, common_name_id, scientific_name_id, water_type, count, reproduction_date, foods, spawn_locations, propagation_method, tank_size, filter_type, water_change_volume, water_change_frequency, temperature, ph, gh, specific_gravity, substrate_type, substrate_depth, substrate_color, light_type, light_strength, light_hours, co2, co2_description, video_url, submitted_on, approved_on, approved_by, points, article_points, first_time_species, flowered, sexual_reproduction, witnessed_by, witnessed_on, witness_verification_status, denied_on, denied_by, denied_reason, cares_species, article_link, changes_requested_on, changes_requested_by, changes_requested_reason, notes) VALUES (196, '2026-06-23 15:20:09', '2026-06-23 15:20:09', 13, 'fish', 'Fish', 'Livebearers', 'Least Killies', 'Heterandria formosa', 7093, 37, 'Fresh', NULL, '2012-10-22', '["ammmo chips"]', '[]', NULL, '5 gal', 'box filter', NULL, 'Bi-weekly', '78', '7', NULL, NULL, 'gravel', NULL, NULL, 'flor.', '15watt', '5hrs', NULL, NULL, NULL, '2026-06-23T15:20:09.224Z', '2026-06-23T15:20:09.227Z', 9, 15, 0, 0, 0, 0, 4, '2026-06-23T15:20:09.225Z', 'confirmed', NULL, NULL, NULL, 0, NULL, NULL, NULL, NULL, NULL);
INSERT INTO submissions (id, created_on, updated_on, member_id, program, species_type, species_class, species_common_name, species_latin_name, common_name_id, scientific_name_id, water_type, count, reproduction_date, foods, spawn_locations, propagation_method, tank_size, filter_type, water_change_volume, water_change_frequency, temperature, ph, gh, specific_gravity, substrate_type, substrate_depth, substrate_color, light_type, light_strength, light_hours, co2, co2_description, video_url, submitted_on, approved_on, approved_by, points, article_points, first_time_species, flowered, sexual_reproduction, witnessed_by, witnessed_on, witness_verification_status, denied_on, denied_by, denied_reason, cares_species, article_link, changes_requested_on, changes_requested_by, changes_requested_reason, notes) VALUES (197, '2026-06-23 15:20:09', '2026-06-23 15:20:09', 13, 'fish', 'Fish', 'Cichlids - Old World', 'Albino Peacocks', 'Aulonocara sp', 7094, 2414, 'Fresh', NULL, '2017-11-25', '["carbon","ph up"]', '[]', NULL, '150gal', 'sump', NULL, 'Bi-weekly', '76', '7', NULL, NULL, 'gravel', NULL, NULL, 'flor.', '60 watt', '6 hrs', NULL, NULL, NULL, '2026-06-23T15:20:09.227Z', '2026-06-23T15:20:09.232Z', 9, 15, 0, 0, 0, 0, 4, '2026-06-23T15:20:09.228Z', 'confirmed', NULL, NULL, NULL, 0, NULL, NULL, NULL, NULL, NULL);
-- refresh Steve's stored program levels
UPDATE members SET fish_level='Advanced Breeder', plant_level='Senior Aquatic Horticulturist', coral_level='Master Coral Propagator' WHERE id=13;
COMMIT;
